/* Generated by tools/gen_gbk_table.py -- do not edit by hand.
 * u2g: sorted by unicode codepoint; g2u: sorted by GBK code. */
#include "gbk_table.h"
const int g_gbk_count = 3865;
const uint32_t g_gbk_u2g_cp[] = {
    0x00B0,0x00B7,0x00D7,0x00E1,0x00E8,0x00E9,0x00ED,0x00F3,0x00FC,0x0101,0x03B1,0x03B2,
    0x03C0,0x0430,0x0435,0x0438,0x043A,0x043B,0x043D,0x043E,0x0440,0x0441,0x0442,0x2013,
    0x2014,0x2018,0x2019,0x201C,0x201D,0x2026,0x203B,0x2103,0x2192,0x2500,0x2606,0x3000,
    0x3001,0x3002,0x3008,0x3009,0x300A,0x300B,0x300C,0x300D,0x300E,0x300F,0x3010,0x3011,
    0x3042,0x3044,0x3046,0x3048,0x304A,0x304B,0x304C,0x304D,0x304F,0x3051,0x3053,0x3055,
    0x3057,0x3058,0x3059,0x305B,0x305F,0x3060,0x3061,0x3063,0x3064,0x3066,0x3067,0x3068,
    0x306A,0x306B,0x306E,0x306F,0x3072,0x307E,0x307F,0x3081,0x3082,0x3083,0x3084,0x3086,
    0x3088,0x3089,0x308A,0x308B,0x308C,0x308D,0x308F,0x3092,0x3093,0x30A2,0x30A3,0x30A4,
    0x30A6,0x30A7,0x30A8,0x30AA,0x30AB,0x30AC,0x30AD,0x30AF,0x30B0,0x30B1,0x30B3,0x30B5,
    0x30B7,0x30B8,0x30B9,0x30BA,0x30BB,0x30BF,0x30C0,0x30C1,0x30C3,0x30C6,0x30C7,0x30C8,
    0x30C9,0x30CA,0x30CB,0x30CE,0x30CF,0x30D0,0x30D1,0x30D3,0x30D5,0x30D6,0x30D7,0x30DE,
    0x30DF,0x30E0,0x30E1,0x30E2,0x30E3,0x30E5,0x30E7,0x30E9,0x30EA,0x30EB,0x30EC,0x30ED,
    0x30EF,0x30F3,0x30FC,0x4E00,0x4E01,0x4E03,0x4E07,0x4E08,0x4E09,0x4E0A,0x4E0B,0x4E0D,
    0x4E0E,0x4E11,0x4E13,0x4E14,0x4E16,0x4E18,0x4E19,0x4E1A,0x4E1B,0x4E1C,0x4E1D,0x4E1E,
    0x4E22,0x4E24,0x4E25,0x4E26,0x4E27,0x4E2A,0x4E2D,0x4E30,0x4E32,0x4E34,0x4E38,0x4E39,
    0x4E3A,0x4E3B,0x4E3D,0x4E3E,0x4E43,0x4E45,0x4E48,0x4E49,0x4E4B,0x4E4C,0x4E4E,0x4E4F,
    0x4E50,0x4E52,0x4E54,0x4E56,0x4E58,0x4E59,0x4E5D,0x4E5E,0x4E5F,0x4E60,0x4E61,0x4E66,
    0x4E70,0x4E71,0x4E73,0x4E7E,0x4E82,0x4E86,0x4E88,0x4E89,0x4E8B,0x4E8C,0x4E8E,0x4E8F,
    0x4E91,0x4E92,0x4E94,0x4E95,0x4E9A,0x4E9B,0x4E9E,0x4EA1,0x4EA4,0x4EA5,0x4EA6,0x4EA7,
    0x4EA8,0x4EA9,0x4EAB,0x4EAC,0x4EAD,0x4EAE,0x4EB2,0x4EBA,0x4EBF,0x4EC0,0x4EC1,0x4EC5,
    0x4EC6,0x4EC7,0x4ECA,0x4ECB,0x4ECD,0x4ECE,0x4ED1,0x4ED3,0x4ED4,0x4ED5,0x4ED6,0x4ED7,
    0x4ED8,0x4ED9,0x4EE3,0x4EE4,0x4EE5,0x4EEA,0x4EEC,0x4EF0,0x4EF2,0x4EF6,0x4EF7,0x4EFB,
    0x4EFD,0x4EFF,0x4F01,0x4F0A,0x4F0D,0x4F0F,0x4F10,0x4F11,0x4F17,0x4F18,0x4F19,0x4F1A,
    0x4F1E,0x4F1F,0x4F20,0x4F24,0x4F26,0x4F2A,0x4F2F,0x4F30,0x4F34,0x4F38,0x4F3C,0x4F3D,
    0x4F46,0x4F48,0x4F4D,0x4F4E,0x4F4F,0x4F50,0x4F51,0x4F53,0x4F54,0x4F55,0x4F59,0x4F5B,
    0x4F5C,0x4F60,0x4F63,0x4F69,0x4F73,0x4F75,0x4F7F,0x4F86,0x4F8B,0x4F8D,0x4F9B,0x4F9D,
    0x4FA0,0x4FA3,0x4FA6,0x4FA7,0x4FA8,0x4FAF,0x4FB5,0x4FB6,0x4FBF,0x4FC2,0x4FC3,0x4FC4,
    0x4FCA,0x4FD7,0x4FD8,0x4FDD,0x4FE0,0x4FE1,0x4FE9,0x4FEE,0x4FEF,0x4FF1,0x5009,0x500B,
    0x500D,0x5011,0x5012,0x5016,0x5019,0x501A,0x501F,0x5021,0x5026,0x502B,0x503A,0x503C,
    0x503E,0x5047,0x5049,0x504F,0x505A,0x505C,0x5065,0x5074,0x5075,0x5076,0x5077,0x507D,
    0x507F,0x5085,0x508D,0x5091,0x5099,0x50A8,0x50AC,0x50AD,0x50B2,0x50B3,0x50B5,0x50B7,
    0x50BB,0x50BE,0x50C5,0x50CF,0x50D1,0x50D5,0x50DA,0x50E7,0x50F5,0x50F9,0x5100,0x5104,
    0x5112,0x5118,0x511F,0x512A,0x5132,0x513F,0x5141,0x5143,0x5144,0x5145,0x5146,0x5147,
    0x5148,0x5149,0x514B,0x514D,0x5152,0x5154,0x515A,0x515C,0x5165,0x5167,0x5168,0x5169,
    0x516B,0x516C,0x516D,0x516E,0x5170,0x5171,0x5173,0x5174,0x5175,0x5176,0x5177,0x5178,
    0x5179,0x517B,0x517C,0x517D,0x5180,0x5185,0x5188,0x518A,0x518C,0x518D,0x5192,0x5195,
    0x5199,0x519B,0x519C,0x51A0,0x51A4,0x51A5,0x51AC,0x51AF,0x51B0,0x51B2,0x51B3,0x51B5,
    0x51B6,0x51B7,0x51BB,0x51C0,0x51C4,0x51C6,0x51C9,0x51CC,0x51CF,0x51D1,0x51DD,0x51E0,
    0x51E1,0x51E4,0x51ED,0x51EF,0x51F0,0x51F1,0x51F6,0x51F8,0x51F9,0x51FA,0x51FB,0x51FD,
    0x5200,0x5203,0x5206,0x5207,0x520A,0x5211,0x5212,0x5217,0x5218,0x5219,0x521A,0x521B,
    0x521D,0x5220,0x5224,0x5225,0x5229,0x522B,0x522E,0x5230,0x5236,0x5237,0x5238,0x5239,
    0x523A,0x523B,0x5242,0x5247,0x524A,0x524D,0x5251,0x5256,0x525B,0x5265,0x5267,0x5269,
    0x526A,0x526F,0x5272,0x5275,0x5283,0x5287,0x5289,0x528D,0x5291,0x529B,0x529D,0x529E,
    0x529F,0x52A0,0x52A1,0x52A3,0x52A8,0x52A9,0x52AA,0x52AB,0x52B1,0x52B2,0x52B3,0x52BF,
    0x52C1,0x52C3,0x52C7,0x52C9,0x52CB,0x52D2,0x52D5,0x52D8,0x52D9,0x52DD,0x52DE,0x52DF,
    0x52E2,0x52E4,0x52F3,0x52F5,0x52F8,0x52FE,0x52FF,0x5300,0x5305,0x5306,0x5308,0x5316,
    0x5317,0x5319,0x5320,0x5321,0x5323,0x532A,0x532F,0x5339,0x533A,0x533B,0x533F,0x5340,
    0x5341,0x5343,0x5347,0x5348,0x5349,0x534A,0x534E,0x534F,0x5351,0x5352,0x5353,0x5354,
    0x5355,0x5356,0x5357,0x535A,0x535C,0x5360,0x5361,0x5362,0x5367,0x536B,0x536F,0x5370,
    0x5371,0x5373,0x5374,0x5375,0x5377,0x5378,0x537B,0x537F,0x5382,0x5384,0x5385,0x5386,
    0x5389,0x538B,0x538C,0x5398,0x539A,0x539F,0x53A2,0x53A5,0x53A6,0x53A8,0x53AD,0x53BB,
    0x53BF,0x53C2,0x53C3,0x53C8,0x53C9,0x53CA,0x53CB,0x53CC,0x53CD,0x53D1,0x53D4,0x53D6,
    0x53D7,0x53D8,0x53D9,0x53DB,0x53E0,0x53E3,0x53E4,0x53E5,0x53E6,0x53EA,0x53EB,0x53EC,
    0x53EE,0x53EF,0x53F0,0x53F2,0x53F3,0x53F6,0x53F7,0x53F8,0x53F9,0x5401,0x5403,0x5404,
    0x5408,0x5409,0x540A,0x540C,0x540D,0x540E,0x540F,0x5410,0x5411,0x5413,0x5415,0x5417,
    0x541B,0x541E,0x541F,0x5426,0x5427,0x5428,0x542B,0x542C,0x542F,0x5433,0x5434,0x5435,
    0x5438,0x5439,0x543B,0x543E,0x5440,0x5442,0x5446,0x5448,0x544A,0x544E,0x5457,0x5458,
    0x545C,0x5462,0x5468,0x5473,0x5475,0x547C,0x547D,0x5480,0x548C,0x5492,0x5496,0x54A8,
    0x54AA,0x54AC,0x54B1,0x54B2,0x54B3,0x54B8,0x54BD,0x54C0,0x54C1,0x54C7,0x54C8,0x54C9,
    0x54CD,0x54CE,0x54DF,0x54E1,0x54E5,0x54E6,0x54E9,0x54EA,0x54ED,0x54F2,0x54FA,0x5507,
    0x5510,0x5524,0x552E,0x552F,0x5531,0x5546,0x554A,0x554F,0x555F,0x5561,0x5564,0x5565,
    0x5566,0x5578,0x5580,0x5582,0x5584,0x5587,0x5589,0x558A,0x5594,0x5598,0x559A,0x559C,
    0x559D,0x55AA,0x55AC,0x55AE,0x55B7,0x55BB,0x55CE,0x55E3,0x55E8,0x55EF,0x5609,0x560E,
    0x5617,0x561B,0x561F,0x5632,0x5634,0x563B,0x563F,0x5668,0x566A,0x566C,0x5674,0x5676,
    0x5678,0x56B4,0x56CA,0x56DA,0x56DB,0x56DE,0x56E0,0x56E2,0x56ED,0x56F0,0x56F4,0x56FA,
    0x56FD,0x56FE,0x5706,0x5708,0x570B,0x570D,0x5712,0x5713,0x5716,0x5718,0x571F,0x5723,
    0x5728,0x572D,0x5730,0x5733,0x573A,0x573E,0x5740,0x5742,0x5747,0x574A,0x574E,0x574F,
    0x5750,0x5751,0x5757,0x575A,0x575B,0x575D,0x5760,0x5761,0x5764,0x5766,0x576A,0x5782,
    0x5783,0x578B,0x5792,0x57A3,0x57AB,0x57C3,0x57CB,0x57CE,0x57D4,0x57DF,0x57E0,0x57F7,
    0x57F9,0x57FA,0x5800,0x5802,0x5805,0x5806,0x5821,0x5824,0x582A,0x582F,0x5831,0x5834,
    0x5835,0x584A,0x584C,0x5851,0x5854,0x5857,0x5858,0x585A,0x585E,0x586B,0x5875,0x5883,
    0x5885,0x5893,0x5899,0x589E,0x58A8,0x58C1,0x58C7,0x58D3,0x58D8,0x58DE,0x58E4,0x58EB,
    0x58EE,0x58EF,0x58F0,0x58F3,0x58F6,0x58F9,0x58FD,0x5904,0x5907,0x590D,0x590F,0x5915,
    0x5916,0x591A,0x591C,0x591F,0x5920,0x5922,0x5925,0x5927,0x5929,0x592A,0x592B,0x592E,
    0x5931,0x5934,0x5937,0x5938,0x5939,0x593A,0x593E,0x5947,0x5948,0x5949,0x594B,0x594E,
    0x594F,0x5951,0x5954,0x5955,0x5956,0x5957,0x5960,0x5962,0x5965,0x5967,0x596A,0x596E,
    0x5973,0x5974,0x5976,0x5978,0x5979,0x597D,0x5982,0x5983,0x5984,0x5986,0x5987,0x5988,
    0x598D,0x5992,0x5996,0x5999,0x59A5,0x59A8,0x59AE,0x59B9,0x59BB,0x59C6,0x59CA,0x59CB,
    0x59D0,0x59D1,0x59D3,0x59D4,0x59DA,0x59DC,0x59E5,0x59E8,0x59EC,0x59FB,0x59FF,0x5A01,
    0x5A03,0x5A05,0x5A07,0x5A18,0x5A1B,0x5A1C,0x5A1F,0x5A25,0x5A31,0x5A36,0x5A46,0x5A49,
    0x5A5A,0x5A66,0x5A74,0x5A77,0x5A92,0x5A9A,0x5ABD,0x5AC1,0x5ACC,0x5AE1,0x5AE9,0x5B50,
    0x5B54,0x5B55,0x5B57,0x5B58,0x5B59,0x5B5C,0x5B5D,0x5B5F,0x5B63,0x5B64,0x5B66,0x5B69,
    0x5B6B,0x5B78,0x5B81,0x5B83,0x5B85,0x5B87,0x5B88,0x5B89,0x5B8B,0x5B8C,0x5B8F,0x5B97,
    0x5B98,0x5B99,0x5B9A,0x5B9B,0x5B9C,0x5B9D,0x5B9E,0x5BA0,0x5BA1,0x5BA2,0x5BA3,0x5BA4,
    0x5BAA,0x5BAB,0x5BAE,0x5BB0,0x5BB3,0x5BB4,0x5BB5,0x5BB6,0x5BB9,0x5BBD,0x5BBE,0x5BBF,
    0x5BC2,0x5BC4,0x5BC5,0x5BC6,0x5BC7,0x5BCC,0x5BD2,0x5BD3,0x5BDE,0x5BDF,0x5BE1,0x5BE6,
    0x5BE7,0x5BE8,0x5BE9,0x5BEB,0x5BEC,0x5BEE,0x5BF5,0x5BF6,0x5BF8,0x5BF9,0x5BFA,0x5BFB,
    0x5BFC,0x5BFF,0x5C01,0x5C04,0x5C06,0x5C07,0x5C08,0x5C09,0x5C0A,0x5C0B,0x5C0D,0x5C0E,
    0x5C0F,0x5C11,0x5C14,0x5C16,0x5C18,0x5C1A,0x5C1D,0x5C24,0x5C27,0x5C31,0x5C38,0x5C39,
    0x5C3A,0x5C3C,0x5C3D,0x5C3E,0x5C3F,0x5C40,0x5C41,0x5C42,0x5C45,0x5C46,0x5C48,0x5C4A,
    0x5C4B,0x5C4D,0x5C4F,0x5C51,0x5C55,0x5C5E,0x5C60,0x5C64,0x5C65,0x5C6C,0x5C6F,0x5C71,
    0x5C7F,0x5C81,0x5C82,0x5C90,0x5C91,0x5C97,0x5C9B,0x5CA1,0x5CA9,0x5CAD,0x5CB3,0x5CB8,
    0x5CE1,0x5CF0,0x5CF6,0x5CFB,0x5CFD,0x5D07,0x5D0E,0x5D14,0x5D16,0x5D17,0x5D1B,0x5D29,
    0x5D4C,0x5DBA,0x5DBC,0x5DDD,0x5DDE,0x5DE1,0x5DE2,0x5DE5,0x5DE6,0x5DE7,0x5DE8,0x5DEB,
    0x5DEE,0x5DF1,0x5DF2,0x5DF4,0x5DF7,0x5DFE,0x5E01,0x5E02,0x5E03,0x5E05,0x5E06,0x5E08,
    0x5E0C,0x5E10,0x5E15,0x5E16,0x5E18,0x5E1D,0x5E25,0x5E26,0x5E2B,0x5E2D,0x5E2E,0x5E33,
    0x5E36,0x5E38,0x5E3D,0x5E45,0x5E4C,0x5E55,0x5E62,0x5E63,0x5E6B,0x5E72,0x5E73,0x5E74,
    0x5E76,0x5E78,0x5E79,0x5E7B,0x5E7C,0x5E7D,0x5E7E,0x5E7F,0x5E84,0x5E86,0x5E87,0x5E8A,
    0x5E8F,0x5E90,0x5E93,0x5E94,0x5E95,0x5E97,0x5E99,0x5E9A,0x5E9C,0x5E9E,0x5E9F,0x5EA6,
    0x5EA7,0x5EAB,0x5EAD,0x5EB5,0x5EB6,0x5EB7,0x5EB8,0x5EC2,0x5EC8,0x5EC9,0x5ECA,0x5ED3,
    0x5ED6,0x5EDA,0x5EDF,0x5EE0,0x5EE2,0x5EE3,0x5EF3,0x5EF6,0x5EF7,0x5EFA,0x5F00,0x5F02,
    0x5F03,0x5F04,0x5F0A,0x5F0F,0x5F13,0x5F15,0x5F17,0x5F18,0x5F1F,0x5F20,0x5F25,0x5F26,
    0x5F27,0x5F2F,0x5F31,0x5F35,0x5F37,0x5F39,0x5F3A,0x5F48,0x5F4C,0x5F52,0x5F53,0x5F55,
    0x5F57,0x5F62,0x5F65,0x5F66,0x5F69,0x5F6C,0x5F6D,0x5F70,0x5F71,0x5F79,0x5F7B,0x5F7C,
    0x5F80,0x5F81,0x5F84,0x5F85,0x5F88,0x5F8B,0x5F8C,0x5F90,0x5F91,0x5F92,0x5F97,0x5F99,
    0x5F9E,0x5FA1,0x5FA9,0x5FAA,0x5FAE,0x5FB5,0x5FB7,0x5FB9,0x5FBD,0x5FC3,0x5FC5,0x5FC6,
    0x5FCC,0x5FCD,0x5FD7,0x5FD8,0x5FD9,0x5FE0,0x5FE7,0x5FEB,0x5FF5,0x5FFD,0x6000,0x6001,
    0x600E,0x6012,0x6015,0x6016,0x601C,0x601D,0x6021,0x6025,0x6027,0x6028,0x602A,0x603B,
    0x6046,0x604B,0x6050,0x6052,0x6062,0x6064,0x6068,0x6069,0x606D,0x606F,0x6070,0x6076,
    0x607C,0x6084,0x6089,0x6094,0x609F,0x60A0,0x60A3,0x60A6,0x60A8,0x60AC,0x60B2,0x60BC,
    0x60C5,0x60CA,0x60D1,0x60DC,0x60DF,0x60E0,0x60E1,0x60E7,0x60E8,0x60E9,0x60EF,0x60F3,
    0x60F9,0x6101,0x6108,0x6109,0x610F,0x611A,0x611B,0x611F,0x6124,0x6127,0x613F,0x6148,
    0x614B,0x614C,0x614E,0x6155,0x6158,0x6162,0x6163,0x6167,0x6168,0x616E,0x6170,0x6176,
    0x6182,0x6191,0x61A4,0x61B2,0x61B6,0x61BE,0x61C2,0x61C8,0x61C9,0x61D2,0x61F7,0x61F8,
    0x6200,0x6208,0x620A,0x620E,0x620F,0x6210,0x6211,0x6212,0x6216,0x6218,0x621A,0x6226,
    0x622A,0x6230,0x6232,0x6234,0x6236,0x6237,0x623F,0x6240,0x6241,0x6247,0x624B,0x624D,
    0x624E,0x6251,0x6253,0x6254,0x6258,0x6263,0x6267,0x6269,0x626B,0x626C,0x626D,0x626E,
    0x6270,0x6276,0x6279,0x627E,0x627F,0x6280,0x6284,0x628A,0x6291,0x6293,0x6295,0x6296,
    0x6297,0x6298,0x629A,0x629B,0x62A2,0x62A4,0x62A5,0x62AB,0x62AC,0x62B1,0x62B5,0x62B9,
    0x62BC,0x62BD,0x62C2,0x62C5,0x62C6,0x62C9,0x62CC,0x62CD,0x62D2,0x62D3,0x62D4,0x62D6,
    0x62D8,0x62DB,0x62DC,0x62DF,0x62E5,0x62E8,0x62E9,0x62EC,0x62EF,0x62F1,0x62F3,0x62FC,
    0x62FE,0x62FF,0x6301,0x6302,0x6307,0x6309,0x6311,0x6316,0x6321,0x6323,0x6324,0x6325,
    0x632A,0x632B,0x632F,0x633A,0x633D,0x6349,0x6350,0x6355,0x635F,0x6362,0x6367,0x636E,
    0x6372,0x6377,0x6383,0x6388,0x6389,0x638C,0x6392,0x6398,0x639B,0x63A0,0x63A1,0x63A2,
    0x63A5,0x63A7,0x63A8,0x63A9,0x63AA,0x63CF,0x63D0,0x63D2,0x63DA,0x63DB,0x63E1,0x63ED,
    0x63EE,0x63F4,0x6405,0x640D,0x640F,0x6416,0x641C,0x641E,0x642C,0x642D,0x6436,0x643A,
    0x6444,0x6446,0x6447,0x6454,0x6458,0x6467,0x6469,0x6478,0x6491,0x6492,0x6495,0x649E,
    0x64A4,0x64A5,0x64AB,0x64AD,0x64B0,0x64BC,0x64C1,0x64C5,0x64C7,0x64CA,0x64CB,0x64CD,
    0x64CE,0x64D4,0x64DA,0x64E6,0x64EC,0x64F4,0x64FA,0x64FE,0x6500,0x651C,0x651D,0x652F,
    0x6536,0x6539,0x653B,0x653E,0x653F,0x6545,0x6548,0x654C,0x654F,0x6551,0x6557,0x6558,
    0x6559,0x655B,0x655E,0x6562,0x6563,0x6566,0x656C,0x6570,0x6572,0x6574,0x6575,0x6577,
    0x6578,0x6587,0x658B,0x658C,0x6590,0x6591,0x6597,0x6599,0x659C,0x65A4,0x65A5,0x65A9,
    0x65AC,0x65AD,0x65AF,0x65B0,0x65B7,0x65B9,0x65BC,0x65BD,0x65C1,0x65C5,0x65CB,0x65CF,
    0x65D7,0x65E0,0x65E2,0x65E5,0x65E6,0x65E7,0x65E8,0x65E9,0x65EC,0x65ED,0x65F1,0x65F6,
    0x65FA,0x6602,0x6606,0x6607,0x660C,0x660E,0x660F,0x6613,0x6614,0x661F,0x6620,0x6625,
    0x6628,0x662D,0x662F,0x663E,0x6642,0x6643,0x6649,0x664B,0x6652,0x6653,0x6655,0x665A,
    0x6668,0x666E,0x666F,0x6670,0x6674,0x6676,0x667A,0x6682,0x6691,0x6696,0x6697,0x66A8,
    0x66AB,0x66AE,0x66B4,0x66C6,0x66C9,0x66DC,0x66DD,0x66F0,0x66F2,0x66F4,0x66F8,0x66F9,
    0x66FC,0x66FE,0x66FF,0x6700,0x6703,0x6708,0x6709,0x670B,0x670D,0x6714,0x6717,0x671B,
    0x671D,0x671F,0x6728,0x672A,0x672B,0x672C,0x672D,0x672F,0x6731,0x6734,0x6735,0x673A,
    0x6740,0x6742,0x6743,0x6746,0x6749,0x674E,0x674F,0x6750,0x6751,0x6756,0x675C,0x675E,
    0x675F,0x6761,0x6765,0x6768,0x676D,0x676F,0x6770,0x6771,0x677E,0x677F,0x6781,0x6784,
    0x6790,0x6795,0x6797,0x679A,0x679C,0x679D,0x67A2,0x67A3,0x67AA,0x67AB,0x67AF,0x67B6,
    0x67C4,0x67CF,0x67D0,0x67D3,0x67D4,0x67DC,0x67E0,0x67E5,0x67EF,0x67F1,0x67F3,0x67F4,
    0x67FF,0x6807,0x6808,0x680B,0x680F,0x6811,0x6816,0x6817,0x6821,0x682A,0x6837,0x6838,
    0x6839,0x683C,0x683D,0x6842,0x6843,0x6846,0x6848,0x684C,0x6850,0x6851,0x6853,0x6863,
    0x6865,0x6876,0x687F,0x6881,0x6885,0x6893,0x6897,0x689D,0x68A6,0x68A7,0x68A8,0x68AD,
    0x68AF,0x68B0,0x68B3,0x68B5,0x68C0,0x68C4,0x68C9,0x68CB,0x68CD,0x68D2,0x68D5,0x68D8,
    0x68DA,0x68DF,0x68E0,0x68EE,0x68F1,0x68F2,0x68F5,0x6905,0x690D,0x690E,0x6912,0x6930,
    0x694A,0x695A,0x6960,0x696D,0x6975,0x697C,0x6982,0x6984,0x6986,0x699C,0x69AE,0x69B4,
    0x69CB,0x69CD,0x69FD,0x6A02,0x6A11,0x6A13,0x6A19,0x6A21,0x6A23,0x6A2A,0x6A31,0x6A39,
    0x6A44,0x6A4B,0x6A58,0x6A59,0x6A5F,0x6A61,0x6A6B,0x6A90,0x6A94,0x6AA2,0x6AAC,0x6AFB,
    0x6B04,0x6B0A,0x6B20,0x6B21,0x6B22,0x6B23,0x6B27,0x6B32,0x6B3A,0x6B3D,0x6B3E,0x6B47,
    0x6B49,0x6B4C,0x6B50,0x6B61,0x6B62,0x6B63,0x6B64,0x6B65,0x6B66,0x6B67,0x6B72,0x6B77,
    0x6B78,0x6B7B,0x6B7C,0x6B8A,0x6B8B,0x6B96,0x6B98,0x6BB5,0x6BB7,0x6BBA,0x6BBC,0x6BBF,
    0x6BC0,0x6BC1,0x6BC5,0x6BCD,0x6BCF,0x6BD2,0x6BD4,0x6BD5,0x6BD7,0x6BDB,0x6BEB,0x6BEF,
    0x6C0F,0x6C11,0x6C14,0x6C1B,0x6C1F,0x6C22,0x6C23,0x6C27,0x6C28,0x6C2E,0x6C2F,0x6C34,
    0x6C38,0x6C40,0x6C41,0x6C42,0x6C47,0x6C49,0x6C50,0x6C55,0x6C57,0x6C5D,0x6C5F,0x6C60,
    0x6C61,0x6C64,0x6C6A,0x6C70,0x6C76,0x6C7A,0x6C7D,0x6C81,0x6C83,0x6C88,0x6C89,0x6C90,
    0x6C92,0x6C96,0x6C99,0x6C9B,0x6C9F,0x6CA1,0x6CA5,0x6CA7,0x6CAA,0x6CAB,0x6CAE,0x6CB3,
    0x6CB8,0x6CB9,0x6CBB,0x6CBC,0x6CBE,0x6CBF,0x6CC1,0x6CC4,0x6CC9,0x6CCA,0x6CCC,0x6CD5,
    0x6CDB,0x6CE1,0x6CE2,0x6CE3,0x6CE5,0x6CE8,0x6CEA,0x6CF0,0x6CF3,0x6CF5,0x6CFB,0x6CFC,
    0x6CFD,0x6D01,0x6D0B,0x6D12,0x6D17,0x6D1B,0x6D1E,0x6D25,0x6D2A,0x6D32,0x6D3B,0x6D3E,
    0x6D41,0x6D45,0x6D46,0x6D47,0x6D4B,0x6D4E,0x6D4F,0x6D51,0x6D53,0x6D59,0x6D66,0x6D69,
    0x6D6A,0x6D6E,0x6D74,0x6D77,0x6D78,0x6D82,0x6D85,0x6D88,0x6D89,0x6D8C,0x6D9B,0x6DA1,
    0x6DA6,0x6DA8,0x6DA9,0x6DAF,0x6DB2,0x6DB5,0x6DBC,0x6DC0,0x6DC6,0x6DC7,0x6DCB,0x6DD1,
    0x6DD8,0x6DDA,0x6DE1,0x6DE8,0x6DEB,0x6DEE,0x6DF1,0x6DF3,0x6DF5,0x6DF7,0x6DF9,0x6DFA,
    0x6DFB,0x6E05,0x6E0A,0x6E10,0x6E14,0x6E17,0x6E1B,0x6E20,0x6E21,0x6E23,0x6E26,0x6E29,
    0x6E2C,0x6E2F,0x6E32,0x6E34,0x6E38,0x6E56,0x6E58,0x6E5B,0x6E6F,0x6E7E,0x6E7F,0x6E83,
    0x6E90,0x6E96,0x6E9C,0x6E9D,0x6EA2,0x6EAA,0x6EAB,0x6EAF,0x6EB6,0x6EC5,0x6ECB,0x6ED1,
    0x6ED5,0x6EDA,0x6EDE,0x6EE1,0x6EE4,0x6EE5,0x6EE8,0x6EE9,0x6EF4,0x6EFE,0x6EFF,0x6F01,
    0x6F02,0x6F06,0x6F0F,0x6F14,0x6F20,0x6F22,0x6F2B,0x6F33,0x6F38,0x6F54,0x6F58,0x6F5B,
    0x6F5C,0x6F64,0x6F6D,0x6F6E,0x6F84,0x6F8E,0x6FA1,0x6FA4,0x6FB3,0x6FC0,0x6FC3,0x6FD2,
    0x6FD5,0x6FDF,0x6FF1,0x7011,0x7028,0x704C,0x7058,0x7063,0x706B,0x706D,0x706F,0x7070,
    0x7075,0x707D,0x707E,0x707F,0x7089,0x708E,0x7092,0x70AB,0x70AD,0x70AE,0x70B3,0x70B8,
    0x70B9,0x70BA,0x70BC,0x70C1,0x70C2,0x70C8,0x70CF,0x70D8,0x70DB,0x70DF,0x70E4,0x70E6,
    0x70E7,0x70ED,0x70EF,0x70F7,0x70F9,0x711A,0x7121,0x7126,0x7130,0x7136,0x714C,0x714E,
    0x7159,0x715E,0x7164,0x7167,0x716E,0x718A,0x7194,0x7199,0x719F,0x71AC,0x71B1,0x71C3,
    0x71C8,0x71D2,0x71D5,0x71DF,0x71E5,0x7206,0x722A,0x722C,0x722D,0x7231,0x7232,0x7235,
    0x7236,0x7237,0x7238,0x723A,0x723D,0x723E,0x7246,0x7247,0x7248,0x724C,0x7259,0x725B,
    0x725F,0x7260,0x7261,0x7262,0x7267,0x7269,0x7272,0x7275,0x7279,0x727A,0x727D,0x72AC,
    0x72AF,0x72B6,0x72B9,0x72C0,0x72C2,0x72C4,0x72D0,0x72D7,0x72D9,0x72E0,0x72E9,0x72EC,
    0x72ED,0x72EE,0x72F1,0x72F8,0x72FC,0x730E,0x731B,0x731C,0x7329,0x732A,0x732B,0x732E,
    0x7334,0x7336,0x733F,0x7344,0x7345,0x734E,0x7368,0x7372,0x7375,0x7378,0x737B,0x7384,
    0x7387,0x7389,0x738B,0x739B,0x73A9,0x73AB,0x73AF,0x73B0,0x73B2,0x73BB,0x73C0,0x73CA,
    0x73CD,0x73E0,0x73ED,0x73FE,0x7403,0x7406,0x7409,0x7426,0x742A,0x7433,0x7434,0x743C,
    0x745A,0x745C,0x745E,0x745F,0x746A,0x7470,0x7476,0x7483,0x748B,0x74B0,0x74CA,0x74DC,
    0x74E3,0x74E6,0x74F6,0x74F7,0x7504,0x7518,0x751A,0x751C,0x751F,0x7522,0x7528,0x752B,
    0x7530,0x7531,0x7532,0x7533,0x7535,0x7537,0x7538,0x753A,0x753B,0x7545,0x754C,0x754F,
    0x7554,0x7559,0x755C,0x7562,0x7565,0x756A,0x756B,0x7570,0x7576,0x7586,0x758A,0x758F,
    0x7591,0x7597,0x75AB,0x75AF,0x75B2,0x75BC,0x75BE,0x75C5,0x75C7,0x75D5,0x75DB,0x75F4,
    0x760B,0x7624,0x7626,0x763E,0x7642,0x764C,0x767B,0x767C,0x767D,0x767E,0x7682,0x7684,
    0x7686,0x7687,0x76AE,0x76B1,0x76C3,0x76C6,0x76C8,0x76CA,0x76CE,0x76D0,0x76D1,0x76D2,
    0x76D4,0x76D6,0x76D7,0x76D8,0x76DB,0x76DC,0x76DF,0x76E1,0x76E3,0x76E4,0x76E7,0x76EE,
    0x76F2,0x76F4,0x76F8,0x76FC,0x76FE,0x7701,0x7709,0x770B,0x771F,0x7720,0x7737,0x773C,
    0x773E,0x7740,0x775B,0x7761,0x7763,0x7784,0x77A7,0x77AC,0x77B3,0x77DB,0x77E2,0x77E3,
    0x77E5,0x77E9,0x77ED,0x77EE,0x77F3,0x77F6,0x77FF,0x7801,0x7802,0x780D,0x7814,0x7816,
    0x7832,0x7834,0x7838,0x7840,0x7845,0x7855,0x785D,0x786B,0x786C,0x786E,0x788C,0x788D,
    0x788E,0x7891,0x7897,0x789F,0x78A7,0x78A9,0x78B0,0x78B1,0x78B3,0x78BA,0x78BC,0x78C1,
    0x78C5,0x78E8,0x78EF,0x78F7,0x7901,0x790E,0x7919,0x7926,0x793A,0x793C,0x793E,0x7940,
    0x7948,0x7950,0x7956,0x795D,0x795E,0x7960,0x7965,0x7968,0x796D,0x7978,0x797F,0x7981,
    0x7984,0x7985,0x798F,0x79A6,0x79A7,0x79AA,0x79AE,0x79B9,0x79BB,0x79BD,0x79BE,0x79C0,
    0x79C1,0x79C9,0x79CB,0x79CD,0x79D1,0x79D2,0x79D8,0x79DF,0x79E6,0x79E9,0x79EF,0x79F0,
    0x79FB,0x7A00,0x7A05,0x7A0B,0x7A0D,0x7A0E,0x7A1A,0x7A23,0x7A2E,0x7A31,0x7A33,0x7A3B,
    0x7A3D,0x7A3F,0x7A46,0x7A4D,0x7A57,0x7A69,0x7A74,0x7A76,0x7A77,0x7A7A,0x7A7F,0x7A81,
    0x7A83,0x7A84,0x7A97,0x7A9D,0x7A9F,0x7ACB,0x7AD6,0x7AD9,0x7ADE,0x7ADF,0x7AE0,0x7AE3,
    0x7AE5,0x7AED,0x7AEF,0x7AF6,0x7AF9,0x7B11,0x7B14,0x7B1B,0x7B26,0x7B28,0x7B2C,0x7B3C,
    0x7B46,0x7B49,0x7B4B,0x7B51,0x7B52,0x7B54,0x7B56,0x7B5B,0x7B5D,0x7B79,0x7B7E,0x7B80,
    0x7B97,0x7BA1,0x7BAD,0x7BB1,0x7BC0,0x7BC4,0x7BC7,0x7BC9,0x7BEE,0x7BF7,0x7C21,0x7C27,
    0x7C3D,0x7C3F,0x7C43,0x7C4C,0x7C4D,0x7C64,0x7C73,0x7C7B,0x7C89,0x7C92,0x7C97,0x7C98,
    0x7CA4,0x7CA5,0x7CAE,0x7CB5,0x7CB9,0x7CBE,0x7CCA,0x7CD5,0x7CD6,0x7CD9,0x7CDF,0x7CE7,
    0x7CFB,0x7D00,0x7D04,0x7D05,0x7D0B,0x7D0D,0x7D10,0x7D14,0x7D17,0x7D19,0x7D1A,0x7D1B,
    0x7D20,0x7D22,0x7D27,0x7D2B,0x7D2F,0x7D30,0x7D39,0x7D42,0x7D44,0x7D50,0x7D55,0x7D61,
    0x7D66,0x7D71,0x7D72,0x7D81,0x7D93,0x7D9C,0x7DA0,0x7DAB,0x7DAD,0x7DB1,0x7DB2,0x7DCA,
    0x7DD2,0x7DDA,0x7DE3,0x7DE8,0x7DE9,0x7DEC,0x7DEF,0x7DF4,0x7E23,0x7E2E,0x7E31,0x7E3D,
    0x7E3E,0x7E41,0x7E54,0x7E5E,0x7E69,0x7E6A,0x7E6B,0x7E7C,0x7E8C,0x7EA0,0x7EA2,0x7EA4,
    0x7EA6,0x7EA7,0x7EAA,0x7EAC,0x7EAF,0x7EB1,0x7EB2,0x7EB3,0x7EB5,0x7EB7,0x7EB8,0x7EB9,
    0x7EBA,0x7EBD,0x7EBF,0x7EC3,0x7EC4,0x7EC6,0x7EC7,0x7EC8,0x7ECD,0x7ECF,0x7ED1,0x7ED2,
    0x7ED3,0x7ED5,0x7ED8,0x7ED9,0x7EDC,0x7EDD,0x7EDF,0x7EE3,0x7EE5,0x7EE7,0x7EE9,0x7EEA,
    0x7EED,0x7EF3,0x7EF4,0x7EF5,0x7EFC,0x7EFD,0x7EFF,0x7F00,0x7F05,0x7F06,0x7F13,0x7F16,
    0x7F18,0x7F1D,0x7F20,0x7F29,0x7F34,0x7F38,0x7F3A,0x7F50,0x7F51,0x7F55,0x7F57,0x7F5A,
    0x7F62,0x7F69,0x7F6A,0x7F6E,0x7F70,0x7F72,0x7F77,0x7F85,0x7F8A,0x7F8C,0x7F8E,0x7F9E,
    0x7FA1,0x7FA4,0x7FA9,0x7FBD,0x7FC1,0x7FC5,0x7FCC,0x7FD2,0x7FD4,0x7FE0,0x7FE1,0x7FE9,
    0x7FF0,0x7FFB,0x7FFC,0x8000,0x8001,0x8003,0x8005,0x800C,0x800D,0x8010,0x8015,0x8017,
    0x8033,0x8036,0x803F,0x804A,0x804C,0x8054,0x8056,0x8058,0x805A,0x805E,0x806A,0x806F,
    0x8070,0x8072,0x8077,0x807D,0x8083,0x8085,0x8086,0x8087,0x8089,0x808C,0x8096,0x809A,
    0x809D,0x80A0,0x80A1,0x80A2,0x80A4,0x80A5,0x80A9,0x80AA,0x80AF,0x80B2,0x80B4,0x80BA,
    0x80BE,0x80BF,0x80C0,0x80C1,0x80C3,0x80C6,0x80CC,0x80CE,0x80D6,0x80DC,0x80DE,0x80E1,
    0x80F0,0x80F6,0x80F8,0x80FA,0x80FD,0x8102,0x8105,0x8106,0x8108,0x8109,0x810A,0x810F,
    0x8111,0x811A,0x812B,0x8131,0x8138,0x813E,0x814A,0x8150,0x8154,0x8155,0x8166,0x8170,
    0x8173,0x8179,0x817A,0x817B,0x817E,0x817F,0x8180,0x818F,0x819A,0x819C,0x819D,0x81A0,
    0x81A8,0x81B3,0x81C0,0x81C2,0x81C9,0x81D8,0x81DF,0x81E3,0x81E8,0x81EA,0x81ED,0x81F3,
    0x81F4,0x81FA,0x8205,0x8206,0x8207,0x8208,0x8209,0x820A,0x820C,0x820D,0x8212,0x821E,
    0x821F,0x822A,0x822C,0x8230,0x8239,0x8247,0x8258,0x8266,0x826F,0x8270,0x8272,0x8273,
    0x827A,0x827E,0x8282,0x8292,0x8299,0x829D,0x82A6,0x82AC,0x82AD,0x82AF,0x82B1,0x82B3,
    0x82B8,0x82B9,0x82BD,0x82CD,0x82CF,0x82D1,0x82D4,0x82D7,0x82E5,0x82E6,0x82EF,0x82F1,
    0x82F7,0x82F9,0x8302,0x8303,0x8304,0x8305,0x830E,0x8328,0x832B,0x8331,0x8332,0x8335,
    0x8336,0x8343,0x8346,0x8349,0x8350,0x8352,0x8361,0x8363,0x836B,0x836F,0x8377,0x8389,
    0x838A,0x838E,0x8393,0x83AB,0x83B1,0x83B2,0x83B7,0x83C1,0x83C7,0x83CA,0x83CC,0x83DC,
    0x83E0,0x83E9,0x83EF,0x83F1,0x83F2,0x8404,0x840A,0x840C,0x840D,0x841D,0x8425,0x8427,
    0x8428,0x842C,0x843D,0x8449,0x8457,0x845B,0x8461,0x8463,0x846C,0x8471,0x8475,0x8482,
    0x848B,0x8499,0x849C,0x84B2,0x84B8,0x84C4,0x84C9,0x84CB,0x84DD,0x84EC,0x84EE,0x8513,
    0x851A,0x8521,0x8523,0x852C,0x853D,0x8543,0x8549,0x856D,0x8574,0x857E,0x8584,0x8587,
    0x859B,0x85A6,0x85A9,0x85AA,0x85AF,0x85B0,0x85C9,0x85CD,0x85CF,0x85DD,0x85E4,0x85E5,
    0x85E9,0x85FB,0x8607,0x860B,0x8611,0x862D,0x863F,0x864E,0x8650,0x8651,0x8655,0x865A,
    0x865B,0x865E,0x865F,0x866B,0x8679,0x867D,0x867E,0x8680,0x8681,0x8682,0x868A,0x86C7,
    0x86CB,0x86D9,0x86DB,0x86EE,0x8700,0x8702,0x8718,0x871C,0x8721,0x8725,0x8759,0x8760,
    0x8774,0x8776,0x878D,0x87A2,0x87BA,0x87F2,0x87F9,0x8840,0x884C,0x884D,0x8853,0x8854,
    0x8857,0x885B,0x885D,0x8861,0x8863,0x8865,0x8868,0x886B,0x886C,0x8870,0x8877,0x8881,
    0x888B,0x888D,0x8896,0x88AB,0x88AD,0x88C1,0x88C2,0x88C5,0x88CF,0x88D4,0x88D5,0x88D9,
    0x88DC,0x88DD,0x88E1,0x88E4,0x88F4,0x88F8,0x88F9,0x88FD,0x8907,0x8910,0x8944,0x8972,
    0x897F,0x8981,0x8986,0x898B,0x898F,0x8996,0x89AA,0x89BA,0x89BD,0x89C0,0x89C1,0x89C2,
    0x89C4,0x89C5,0x89C6,0x89C8,0x89C9,0x89D2,0x89E3,0x89E6,0x89F8,0x8A00,0x8A02,0x8A08,
    0x8A0A,0x8A0E,0x8A13,0x8A17,0x8A18,0x8A2A,0x8A2D,0x8A31,0x8A34,0x8A3A,0x8A3B,0x8A54,
    0x8A55,0x8A5E,0x8A60,0x8A62,0x8A66,0x8A69,0x8A71,0x8A72,0x8A73,0x8A79,0x8A89,0x8A8C,
    0x8A8D,0x8A93,0x8A95,0x8A98,0x8A9E,0x8AA0,0x8AA4,0x8AAA,0x8AB0,0x8AB2,0x8ABC,0x8ABF,
    0x8AC7,0x8ACB,0x8AD6,0x8AE1,0x8AF8,0x8AFE,0x8B00,0x8B02,0x8B19,0x8B1B,0x8B1D,0x8B20,
    0x8B49,0x8B58,0x8B5A,0x8B5C,0x8B66,0x8B6F,0x8B70,0x8B77,0x8B7D,0x8B80,0x8B8A,0x8B93,
    0x8B9A,0x8BA1,0x8BA2,0x8BA4,0x8BA8,0x8BA9,0x8BAD,0x8BAE,0x8BAF,0x8BB0,0x8BB2,0x8BB6,
    0x8BB7,0x8BB8,0x8BBA,0x8BBC,0x8BBD,0x8BBE,0x8BBF,0x8BC1,0x8BC4,0x8BC6,0x8BC8,0x8BC9,
    0x8BCA,0x8BCD,0x8BCF,0x8BD1,0x8BD5,0x8BD7,0x8BDA,0x8BDD,0x8BDE,0x8BE2,0x8BE5,0x8BE6,
    0x8BED,0x8BEF,0x8BF1,0x8BF4,0x8BF7,0x8BF8,0x8BFA,0x8BFB,0x8BFE,0x8C01,0x8C03,0x8C05,
    0x8C08,0x8C0A,0x8C0B,0x8C0E,0x8C10,0x8C13,0x8C1C,0x8C22,0x8C23,0x8C26,0x8C28,0x8C2D,
    0x8C31,0x8C37,0x8C46,0x8C50,0x8C5A,0x8C61,0x8C6A,0x8C6B,0x8C6C,0x8C79,0x8C8C,0x8C93,
    0x8C9D,0x8C9E,0x8CA0,0x8CA1,0x8CA2,0x8CA7,0x8CA8,0x8CA9,0x8CAB,0x8CAC,0x8CB4,0x8CB7,
    0x8CBB,0x8CBC,0x8CBF,0x8CC0,0x8CC7,0x8CC8,0x8CCA,0x8CD3,0x8CDC,0x8CDE,0x8CE2,0x8CE3,
    0x8CE6,0x8CEA,0x8CED,0x8CF4,0x8CFC,0x8CFD,0x8D08,0x8D0A,0x8D0F,0x8D1D,0x8D1E,0x8D1F,
    0x8D21,0x8D22,0x8D23,0x8D24,0x8D25,0x8D26,0x8D27,0x8D28,0x8D2A,0x8D2B,0x8D2C,0x8D2D,
    0x8D2F,0x8D34,0x8D35,0x8D37,0x8D38,0x8D39,0x8D3A,0x8D3C,0x8D3E,0x8D3F,0x8D44,0x8D4B,
    0x8D4C,0x8D4F,0x8D50,0x8D54,0x8D56,0x8D5A,0x8D5B,0x8D5E,0x8D60,0x8D62,0x8D64,0x8D66,
    0x8D6B,0x8D70,0x8D74,0x8D75,0x8D76,0x8D77,0x8D81,0x8D85,0x8D8A,0x8D8B,0x8D95,0x8D99,
    0x8DA3,0x8DB3,0x8DBE,0x8DC3,0x8DCB,0x8DCC,0x8DD1,0x8DDD,0x8DDF,0x8DE1,0x8DE8,0x8DEF,
    0x8DF3,0x8DF5,0x8E0F,0x8E22,0x8E29,0x8E2A,0x8E48,0x8E5F,0x8E64,0x8E66,0x8E81,0x8E8D,
    0x8EAB,0x8EB2,0x8EBA,0x8ECA,0x8ECC,0x8ECD,0x8ED2,0x8EDF,0x8EF8,0x8F03,0x8F09,0x8F14,
    0x8F15,0x8F1B,0x8F1D,0x8F29,0x8F2A,0x8F2F,0x8F38,0x8F3B,0x8F44,0x8F49,0x8F5F,0x8F66,
    0x8F68,0x8F69,0x8F6C,0x8F6E,0x8F6F,0x8F70,0x8F74,0x8F7B,0x8F7D,0x8F83,0x8F85,0x8F86,
    0x8F88,0x8F89,0x8F90,0x8F91,0x8F93,0x8F96,0x8F9B,0x8F9C,0x8F9E,0x8F9F,0x8FA3,0x8FA6,
    0x8FA8,0x8FA9,0x8FAD,0x8FAF,0x8FB0,0x8FB1,0x8FB2,0x8FB9,0x8FBD,0x8FBE,0x8FC1,0x8FC4,
    0x8FC5,0x8FC7,0x8FC8,0x8FCE,0x8FD0,0x8FD1,0x8FD4,0x8FD8,0x8FD9,0x8FDB,0x8FDC,0x8FDD,
    0x8FDE,0x8FDF,0x8FE6,0x8FEA,0x8FEB,0x8FED,0x8FF0,0x8FF4,0x8FF7,0x8FF9,0x8FFD,0x9000,
    0x9001,0x9002,0x9003,0x9006,0x9009,0x900A,0x900F,0x9010,0x9012,0x9014,0x9017,0x9019,
    0x901A,0x901D,0x901F,0x9020,0x9022,0x9023,0x902E,0x9031,0x9032,0x9038,0x903B,0x903C,
    0x903E,0x9042,0x9047,0x904A,0x904B,0x904D,0x904E,0x9053,0x9054,0x9055,0x9057,0x9059,
    0x905C,0x905E,0x9060,0x9063,0x9065,0x9069,0x906D,0x906E,0x9072,0x9075,0x9077,0x9078,
    0x907A,0x907C,0x907F,0x9080,0x9081,0x9084,0x908A,0x908F,0x9091,0x9093,0x90A3,0x90A6,
    0x90A8,0x90AA,0x90AE,0x90B1,0x90B5,0x90B8,0x90BB,0x90C1,0x90CA,0x90CE,0x90D1,0x90E1,
    0x90E8,0x90ED,0x90F5,0x90FD,0x9102,0x9109,0x9127,0x912D,0x9130,0x914B,0x914D,0x9152,
    0x916A,0x916C,0x916E,0x916F,0x9170,0x9171,0x9175,0x9176,0x9177,0x9178,0x917F,0x9187,
    0x9189,0x918B,0x9192,0x919B,0x91AB,0x91C7,0x91CA,0x91CB,0x91CC,0x91CD,0x91CE,0x91CF,
    0x91D1,0x91DC,0x91DD,0x9234,0x9274,0x9280,0x9285,0x9298,0x929C,0x92B3,0x92B7,0x92D2,
    0x92EA,0x92FC,0x9304,0x9322,0x9326,0x932B,0x932F,0x9375,0x937E,0x938A,0x9396,0x93AE,
    0x93C8,0x93E1,0x9418,0x9435,0x9451,0x947D,0x9488,0x9493,0x9499,0x949F,0x94A0,0x94A2,
    0x94A5,0x94A6,0x94A9,0x94AE,0x94B1,0x94BB,0x94C1,0x94C3,0x94C5,0x94DC,0x94DD,0x94ED,
    0x94F6,0x94F8,0x94FA,0x94FE,0x9500,0x9501,0x9505,0x9508,0x950B,0x950C,0x9510,0x9519,
    0x9521,0x9526,0x952E,0x953B,0x9547,0x955C,0x9577,0x957F,0x9580,0x9583,0x9589,0x958B,
    0x9592,0x9593,0x95A3,0x95A9,0x95B1,0x95DC,0x95E8,0x95EA,0x95ED,0x95EE,0x95EF,0x95F2,
    0x95F4,0x95F7,0x95F8,0x95F9,0x95FB,0x95FD,0x9601,0x9605,0x9610,0x9614,0x961C,0x961F,
    0x962A,0x962E,0x9631,0x9632,0x9633,0x9634,0x9635,0x9636,0x963B,0x963F,0x9640,0x9644,
    0x9645,0x9646,0x9648,0x964C,0x964D,0x9650,0x9655,0x965D,0x9662,0x9663,0x9664,0x9669,
    0x966A,0x9670,0x9673,0x9675,0x9676,0x9677,0x9678,0x967D,0x9686,0x968A,0x968B,0x968E,
    0x968F,0x9690,0x9694,0x9699,0x969B,0x969C,0x96A7,0x96A8,0x96AA,0x96B1,0x96B6,0x96B8,
    0x96BB,0x96BE,0x96C0,0x96C1,0x96C4,0x96C5,0x96C6,0x96C7,0x96CC,0x96CD,0x96D5,0x96D6,
    0x96D9,0x96DC,0x96DE,0x96E2,0x96E3,0x96E8,0x96EA,0x96EF,0x96F2,0x96F6,0x96F7,0x96FB,
    0x96FE,0x9700,0x9704,0x9707,0x9709,0x970D,0x9716,0x971C,0x971E,0x9727,0x9732,0x9738,
    0x9748,0x9752,0x9756,0x9759,0x975C,0x975E,0x9760,0x9762,0x9769,0x9774,0x978B,0x978D,
    0x97AD,0x97CB,0x97D3,0x97E6,0x97E7,0x97E9,0x97F3,0x97F5,0x97F6,0x97FB,0x97FF,0x9801,
    0x9802,0x9805,0x9806,0x9808,0x980C,0x9810,0x9812,0x9813,0x9817,0x9818,0x982D,0x983B,
    0x9846,0x984C,0x984D,0x984F,0x9858,0x985E,0x9867,0x986F,0x9875,0x9876,0x9877,0x9879,
    0x987A,0x987B,0x987D,0x987E,0x987F,0x9881,0x9882,0x9884,0x9886,0x9887,0x9888,0x9891,
    0x9896,0x9897,0x9898,0x989C,0x989D,0x98A0,0x98A8,0x98B1,0x98CE,0x98D8,0x98DB,0x98DE,
    0x98DF,0x98EF,0x98F2,0x98FE,0x990A,0x9910,0x9918,0x9928,0x9965,0x996A,0x996D,0x996E,
    0x9970,0x9971,0x9972,0x9976,0x997C,0x997F,0x9986,0x9988,0x9996,0x9999,0x99A8,0x99AC,
    0x99AE,0x99C1,0x99D0,0x99D5,0x99DB,0x99FF,0x9A0E,0x9A19,0x9A30,0x9A45,0x9A57,0x9A5A,
    0x9A6C,0x9A70,0x9A71,0x9A73,0x9A76,0x9A7B,0x9A7E,0x9A82,0x9A84,0x9A8C,0x9A91,0x9A97,
    0x9A9A,0x9AA4,0x9AA8,0x9ABC,0x9AD3,0x9AD4,0x9AD8,0x9AEE,0x9B06,0x9B25,0x9B3C,0x9B41,
    0x9B42,0x9B45,0x9B4F,0x9B54,0x9B5A,0x9B6F,0x9B91,0x9BAE,0x9C2D,0x9C7C,0x9C81,0x9C8D,
    0x9C9C,0x9CA8,0x9CB8,0x9CC4,0x9CCD,0x9CDE,0x9CE5,0x9CF3,0x9CF4,0x9D3B,0x9DB4,0x9DF9,
    0x9E1F,0x9E21,0x9E23,0x9E26,0x9E2D,0x9E3F,0x9E45,0x9E4F,0x9E64,0x9E70,0x9E7D,0x9E7F,
    0x9E97,0x9E9F,0x9EA5,0x9EA6,0x9EB5,0x9EBB,0x9EBC,0x9EC3,0x9EC4,0x9ECE,0x9ECF,0x9ED1,
    0x9ED8,0x9EDB,0x9EDE,0x9EE8,0x9F0E,0x9F13,0x9F20,0x9F3B,0x9F4A,0x9F4B,0x9F50,0x9F52,
    0x9F61,0x9F7F,0x9F84,0x9F8D,0x9F90,0x9F99,0x9F9C,0x9F9F,0xFF01,0xFF03,0xFF05,0xFF08,
    0xFF09,0xFF0C,0xFF0D,0xFF0E,0xFF0F,0xFF10,0xFF11,0xFF12,0xFF13,0xFF1A,0xFF1B,0xFF1F,
    0xFF5E,
};
const uint16_t g_gbk_u2g_val[] = {
    0xA1E3,0xA1A4,0xA1C1,0xA8A2,0xA8A8,0xA8A6,0xA8AA,0xA8AE,0xA8B9,0xA8A1,0xA6C1,0xA6C2,
    0xA6D0,0xA7D1,0xA7D6,0xA7DA,0xA7DC,0xA7DD,0xA7DF,0xA7E0,0xA7E2,0xA7E3,0xA7E4,0xA843,
    0xA1AA,0xA1AE,0xA1AF,0xA1B0,0xA1B1,0xA1AD,0xA1F9,0xA1E6,0xA1FA,0xA9A4,0xA1EE,0xA1A1,
    0xA1A2,0xA1A3,0xA1B4,0xA1B5,0xA1B6,0xA1B7,0xA1B8,0xA1B9,0xA1BA,0xA1BB,0xA1BE,0xA1BF,
    0xA4A2,0xA4A4,0xA4A6,0xA4A8,0xA4AA,0xA4AB,0xA4AC,0xA4AD,0xA4AF,0xA4B1,0xA4B3,0xA4B5,
    0xA4B7,0xA4B8,0xA4B9,0xA4BB,0xA4BF,0xA4C0,0xA4C1,0xA4C3,0xA4C4,0xA4C6,0xA4C7,0xA4C8,
    0xA4CA,0xA4CB,0xA4CE,0xA4CF,0xA4D2,0xA4DE,0xA4DF,0xA4E1,0xA4E2,0xA4E3,0xA4E4,0xA4E6,
    0xA4E8,0xA4E9,0xA4EA,0xA4EB,0xA4EC,0xA4ED,0xA4EF,0xA4F2,0xA4F3,0xA5A2,0xA5A3,0xA5A4,
    0xA5A6,0xA5A7,0xA5A8,0xA5AA,0xA5AB,0xA5AC,0xA5AD,0xA5AF,0xA5B0,0xA5B1,0xA5B3,0xA5B5,
    0xA5B7,0xA5B8,0xA5B9,0xA5BA,0xA5BB,0xA5BF,0xA5C0,0xA5C1,0xA5C3,0xA5C6,0xA5C7,0xA5C8,
    0xA5C9,0xA5CA,0xA5CB,0xA5CE,0xA5CF,0xA5D0,0xA5D1,0xA5D3,0xA5D5,0xA5D6,0xA5D7,0xA5DE,
    0xA5DF,0xA5E0,0xA5E1,0xA5E2,0xA5E3,0xA5E5,0xA5E7,0xA5E9,0xA5EA,0xA5EB,0xA5EC,0xA5ED,
    0xA5EF,0xA5F3,0xA960,0xD2BB,0xB6A1,0xC6DF,0xCDF2,0xD5C9,0xC8FD,0xC9CF,0xCFC2,0xB2BB,
    0xD3EB,0xB3F3,0xD7A8,0xC7D2,0xCAC0,0xC7F0,0xB1FB,0xD2B5,0xB4D4,0xB6AB,0xCBBF,0xD8A9,
    0xB6AA,0xC1BD,0xD1CF,0x814B,0xC9A5,0xB8F6,0xD6D0,0xB7E1,0xB4AE,0xC1D9,0xCDE8,0xB5A4,
    0xCEAA,0xD6F7,0xC0F6,0xBED9,0xC4CB,0xBEC3,0xC3B4,0xD2E5,0xD6AE,0xCEDA,0xBAF5,0xB7A6,
    0xC0D6,0xC6B9,0xC7C7,0xB9D4,0xB3CB,0xD2D2,0xBEC5,0xC6F2,0xD2B2,0xCFB0,0xCFE7,0xCAE9,
    0xC2F2,0xC2D2,0xC8E9,0xC7AC,0x8179,0xC1CB,0xD3E8,0xD5F9,0xCAC2,0xB6FE,0xD3DA,0xBFF7,
    0xD4C6,0xBBA5,0xCEE5,0xBEAE,0xD1C7,0xD0A9,0x8186,0xCDF6,0xBDBB,0xBAA5,0xD2E0,0xB2FA,
    0xBAE0,0xC4B6,0xCFED,0xBEA9,0xCDA4,0xC1C1,0xC7D7,0xC8CB,0xD2DA,0xCAB2,0xC8CA,0xBDF6,
    0xC6CD,0xB3F0,0xBDF1,0xBDE9,0xC8D4,0xB4D3,0xC2D8,0xB2D6,0xD7D0,0xCACB,0xCBFB,0xD5CC,
    0xB8B6,0xCFC9,0xB4FA,0xC1EE,0xD2D4,0xD2C7,0xC3C7,0xD1F6,0xD6D9,0xBCFE,0xBCDB,0xC8CE,
    0xB7DD,0xB7C2,0xC6F3,0xD2C1,0xCEE9,0xB7FC,0xB7A5,0xD0DD,0xD6DA,0xD3C5,0xBBEF,0xBBE1,
    0xC9A1,0xCEB0,0xB4AB,0xC9CB,0xC2D7,0xCEB1,0xB2AE,0xB9C0,0xB0E9,0xC9EC,0xCBC6,0xD9A4,
    0xB5AB,0x81D1,0xCEBB,0xB5CD,0xD7A1,0xD7F4,0xD3D3,0xCCE5,0x81D7,0xBACE,0xD3E0,0xB7F0,
    0xD7F7,0xC4E3,0xD3B6,0xC5E5,0xBCD1,0x81E3,0xCAB9,0x81ED,0xC0FD,0xCACC,0xB9A9,0xD2C0,
    0xCFC0,0xC2C2,0xD5EC,0xB2E0,0xC7C8,0xBAEE,0xC7D6,0x8248,0xB1E3,0x8253,0xB4D9,0xB6ED,
    0xBFA1,0xCBD7,0xB7FD,0xB1A3,0x8262,0xD0C5,0xC1A9,0xD0DE,0xB8A9,0xBEE3,0x827D,0x8280,
    0xB1B6,0x8283,0xB5B9,0x8286,0xBAF2,0xD2D0,0xBDE8,0xB3AB,0xBEEB,0x8290,0xD5AE,0xD6B5,
    0xC7E3,0xBCD9,0x82A5,0xC6AB,0xD7F6,0xCDA3,0xBDA1,0x82C8,0x82C9,0xC5BC,0xCDB5,0x82CE,
    0xB3A5,0xB8B5,0xB0F8,0x82DC,0x82E4,0xB4A2,0xB4DF,0x82F2,0xB0C1,0x82F7,0x82F9,0x82FB,
    0xC9B5,0x8341,0x8348,0xCFF1,0x8353,0x8357,0xC1C5,0xC9AE,0xBDA9,0x8372,0x8378,0x837C,
    0xC8E5,0x838D,0x8394,0x839E,0x83A6,0xB6F9,0xD4CA,0xD4AA,0xD0D6,0xB3E4,0xD5D7,0x83B4,
    0xCFC8,0xB9E2,0xBFCB,0xC3E2,0x83BA,0xCDC3,0xB5B3,0xB6B5,0xC8EB,0x83C8,0xC8AB,0x83C9,
    0xB0CB,0xB9AB,0xC1F9,0xD9E2,0xC0BC,0xB9B2,0xB9D8,0xD0CB,0xB1F8,0xC6E4,0xBEDF,0xB5E4,
    0xD7C8,0xD1F8,0xBCE6,0xCADE,0xBCBD,0xC4DA,0xB8D4,0x83D4,0xB2E1,0xD4D9,0xC3B0,0xC3E1,
    0xD0B4,0xBEFC,0xC5A9,0xB9DA,0xD4A9,0xDAA4,0xB6AC,0xB7EB,0xB1F9,0xB3E5,0xBEF6,0xBFF6,
    0xD2B1,0xC0E4,0xB6B3,0xBEBB,0xC6E0,0xD7BC,0xC1B9,0xC1E8,0xBCF5,0xB4D5,0xC4FD,0xBCB8,
    0xB7B2,0xB7EF,0xC6BE,0xBFAD,0xBBCB,0x8450,0xD0D7,0xCDB9,0xB0BC,0xB3F6,0xBBF7,0xBAAF,
    0xB5B6,0xC8D0,0xB7D6,0xC7D0,0xBFAF,0xD0CC,0xBBAE,0xC1D0,0xC1F5,0xD4F2,0xB8D5,0xB4B4,
    0xB3F5,0xC9BE,0xC5D0,0x8465,0xC0FB,0xB1F0,0xB9CE,0xB5BD,0xD6C6,0xCBA2,0xC8AF,0xC9B2,
    0xB4CC,0xBFCC,0xBCC1,0x8474,0xCFF7,0xC7B0,0xBDA3,0xC6CA,0x8482,0xB0FE,0xBEE7,0xCAA3,
    0xBCF4,0xB8B1,0xB8EE,0x8493,0x849D,0x84A1,0x84A2,0x84A6,0x84A9,0xC1A6,0xC8B0,0xB0EC,
    0xB9A6,0xBCD3,0xCEF1,0xC1D3,0xB6AF,0xD6FA,0xC5AC,0xBDD9,0xC0F8,0xBEA2,0xC0CD,0xCAC6,
    0x84C5,0xB2AA,0xD3C2,0xC3E3,0xD1AB,0xC0D5,0x84D3,0xBFB1,0x84D5,0x84D9,0x84DA,0xC4BC,
    0x84DD,0xC7DA,0x84EC,0x84EE,0x84F1,0xB9B4,0xCEF0,0xD4C8,0xB0FC,0xB4D2,0xD0D9,0xBBAF,
    0xB1B1,0xB3D7,0xBDB3,0xBFEF,0xCFBB,0xB7CB,0x8552,0xC6A5,0xC7F8,0xD2BD,0xC4E4,0x855E,
    0xCAAE,0xC7A7,0xC9FD,0xCEE7,0xBBDC,0xB0EB,0xBBAA,0xD0AD,0xB1B0,0xD7E4,0xD7BF,0x8566,
    0xB5A5,0xC2F4,0xC4CF,0xB2A9,0xB2B7,0xD5BC,0xBFA8,0xC2AC,0xCED4,0xCEC0,0xC3AE,0xD3A1,
    0xCEA3,0xBCB4,0xC8B4,0xC2D1,0xBEED,0xD0B6,0x8573,0xC7E4,0xB3A7,0xB6F2,0xCCFC,0xC0FA,
    0xC0F7,0xD1B9,0xD1E1,0xC0E5,0xBAF1,0xD4AD,0xCFE1,0xD8CA,0xCFC3,0xB3F8,0x8592,0xC8A5,
    0xCFD8,0xB2CE,0x85A2,0xD3D6,0xB2E6,0xBCB0,0xD3D1,0xCBAB,0xB7B4,0xB7A2,0xCAE5,0xC8A1,
    0xCADC,0xB1E4,0xD0F0,0xC5D1,0xB5FE,0xBFDA,0xB9C5,0xBEE4,0xC1ED,0xD6BB,0xBDD0,0xD5D9,
    0xB6A3,0xBFC9,0xCCA8,0xCAB7,0xD3D2,0xD2B6,0xBAC5,0xCBBE,0xCCBE,0xD3F5,0xB3D4,0xB8F7,
    0xBACF,0xBCAA,0xB5F5,0xCDAC,0xC3FB,0xBAF3,0xC0F4,0xCDC2,0xCFF2,0xCFC5,0xC2C0,0xC2F0,
    0xBEFD,0xCDCC,0xD2F7,0xB7F1,0xB0C9,0xB6D6,0xBAAC,0xCCFD,0xC6F4,0x85C7,0xCEE2,0xB3B3,
    0xCEFC,0xB4B5,0xCEC7,0xCEE1,0xD1BD,0x85CE,0xB4F4,0xB3CA,0xB8E6,0x85D5,0xDFC2,0xD4B1,
    0xCED8,0xC4D8,0xD6DC,0xCEB6,0xBAC7,0xBAF4,0xC3FC,0xBED7,0xBACD,0xD6E4,0xBFA7,0xD7C9,
    0xDFE4,0xD2A7,0xD4DB,0x8644,0xBFC8,0xCFCC,0xD1CA,0xB0A7,0xC6B7,0xCDDB,0xB9FE,0xD4D5,
    0xCFEC,0xB0A5,0xD3B4,0x8654,0xB8E7,0xC5B6,0xC1A8,0xC4C4,0xBFDE,0xD5DC,0xB2B8,0xB4BD,
    0xCCC6,0xBBBD,0xCADB,0xCEA8,0xB3AA,0xC9CC,0xB0A1,0x8696,0x86A2,0xB7C8,0xC6A1,0xC9B6,
    0xC0B2,0xD0A5,0xBFA6,0xCEB9,0xC9C6,0xC0AE,0xBAED,0xBAB0,0xE0B8,0xB4AD,0x86BE,0xCFB2,
    0xBAC8,0x86CA,0x86CC,0x86CE,0xC5E7,0xD3F7,0x86E1,0xCBC3,0xE0CB,0xE0C5,0xBCCE,0xB8C2,
    0x874C,0xC2EF,0xE0BD,0xB3B0,0xD7EC,0xCEFB,0xBAD9,0xC6F7,0xD4EB,0xCAC9,0x878A,0xB8C1,
    0x878D,0x87C0,0xC4D2,0xC7F4,0xCBC4,0xBBD8,0xD2F2,0xCDC5,0xD4B0,0xC0A7,0xCEA7,0xB9CC,
    0xB9FA,0xCDBC,0xD4B2,0xC8A6,0x87F8,0x87FA,0x8840,0x8841,0x8844,0x8846,0xCDC1,0xCAA5,
    0xD4DA,0xB9E7,0xB5D8,0xDBDA,0xB3A1,0xBBF8,0xD6B7,0xDBE0,0xBEF9,0xB7BB,0xBFB2,0xBBB5,
    0xD7F8,0xBFD3,0xBFE9,0xBCE1,0xCCB3,0xB0D3,0xD7B9,0xC6C2,0xC0A4,0xCCB9,0xC6BA,0xB4B9,
    0xC0AC,0xD0CD,0xC0DD,0xD4AB,0xB5E6,0xB0A3,0xC2F1,0xB3C7,0xC6D2,0xD3F2,0xB2BA,0x88CC,
    0xC5E0,0xBBF9,0xDCA5,0xCCC3,0x88D4,0xB6D1,0xB1A4,0xB5CC,0xBFB0,0x88F2,0x88F3,0x88F6,
    0xB6C2,0x894B,0xCBFA,0xCBDC,0xCBFE,0x8954,0xCCC1,0x8956,0xC8FB,0xCCEE,0x896D,0xBEB3,
    0xCAFB,0xC4B9,0xC7BD,0xD4F6,0xC4AB,0xB1DA,0x89AF,0x89BA,0x89BE,0x89C4,0xC8C0,0xCABF,
    0xD7B3,0x89D1,0xC9F9,0xBFC7,0xBAF8,0xD2BC,0x89DB,0xB4A6,0xB1B8,0xB8B4,0xCFC4,0xCFA6,
    0xCDE2,0xB6E0,0xD2B9,0xB9BB,0x89F2,0x89F4,0xE2B7,0xB4F3,0xCCEC,0xCCAB,0xB7F2,0xD1EB,
    0xCAA7,0xCDB7,0xD2C4,0xBFE4,0xBCD0,0xB6E1,0x8A41,0xC6E6,0xC4CE,0xB7EE,0xB7DC,0xBFFC,
    0xD7E0,0xC6F5,0xB1BC,0xDEC8,0xBDB1,0xCCD7,0xB5EC,0xC9DD,0xB0C2,0x8A57,0x8A5A,0x8A5E,
    0xC5AE,0xC5AB,0xC4CC,0xBCE9,0xCBFD,0xBAC3,0xC8E7,0xE5FA,0xCDFD,0xD7B1,0xB8BE,0xC2E8,
    0xE5FB,0xB6CA,0xD1FD,0xC3EE,0xCDD7,0xB7C1,0xC4DD,0xC3C3,0xC6DE,0xC4B7,0xE6A2,0xCABC,
    0xBDE3,0xB9C3,0xD0D5,0xCEAF,0xD2A6,0xBDAA,0xC0D1,0xD2CC,0xBCA7,0xD2F6,0xD7CB,0xCDFE,
    0xCDDE,0xE6AB,0xBDBF,0xC4EF,0x8ACA,0xC4C8,0xBEEA,0xB6F0,0xD3E9,0xC8A2,0xC6C5,0xCDF1,
    0xBBE9,0x8B44,0xD3A4,0xE6C3,0xC3BD,0xC3C4,0x8B8C,0xBCDE,0xCFD3,0xB5D5,0xC4DB,0xD7D3,
    0xBFD7,0xD4D0,0xD7D6,0xB4E6,0xCBEF,0xD7CE,0xD0A2,0xC3CF,0xBCBE,0xB9C2,0xD1A7,0xBAA2,
    0x8C4F,0x8C57,0xC4FE,0xCBFC,0xD5AC,0xD3EE,0xCAD8,0xB0B2,0xCBCE,0xCDEA,0xBAEA,0xD7DA,
    0xB9D9,0xD6E6,0xB6A8,0xCDF0,0xD2CB,0xB1A6,0xCAB5,0xB3E8,0xC9F3,0xBFCD,0xD0FB,0xCAD2,
    0xCFDC,0xB9AC,0x8C6D,0xD4D7,0xBAA6,0xD1E7,0xCFFC,0xBCD2,0xC8DD,0xBFED,0xB1F6,0xCBDE,
    0xBCC5,0xBCC4,0xD2FA,0xC3DC,0xBFDC,0xB8BB,0xBAAE,0xD4A2,0xC4AF,0xB2EC,0xB9D1,0x8C8D,
    0x8C8E,0xD5AF,0x8C8F,0x8C91,0x8C92,0xE5BC,0x8C99,0x8C9A,0xB4E7,0xB6D4,0xCBC2,0xD1B0,
    0xB5BC,0xCAD9,0xB7E2,0xC9E4,0xBDAB,0x8CA2,0x8CA3,0xCEBE,0xD7F0,0x8CA4,0x8CA6,0x8CA7,
    0xD0A1,0xC9D9,0xB6FB,0xBCE2,0xB3BE,0xC9D0,0xB3A2,0xD3C8,0xD2A2,0xBECD,0xCAAC,0xD2FC,
    0xB3DF,0xC4E1,0xBEA1,0xCEB2,0xC4F2,0xBED6,0xC6A8,0xB2E3,0xBED3,0x8CC3,0xC7FC,0xBDEC,
    0xCEDD,0x8CC6,0xC6C1,0xD0BC,0xD5B9,0xCAF4,0xCDC0,0x8CD3,0xC2C4,0x8CD9,0xCDCD,0xC9BD,
    0xD3EC,0xCBEA,0xC6F1,0xE1AA,0xE1AF,0xB8DA,0xB5BA,0x8CF9,0xD1D2,0xC1EB,0xD4C0,0xB0B6,
    0xCFBF,0xB7E5,0x8D75,0xBEFE,0x8D7B,0xB3E7,0xC6E9,0xB4DE,0xD1C2,0x8D8F,0xE1C8,0xB1C0,
    0xC7B6,0x8E58,0x8E5A,0xB4A8,0xD6DD,0xD1B2,0xB3B2,0xB9A4,0xD7F3,0xC7C9,0xBEDE,0xCED7,
    0xB2EE,0xBCBA,0xD2D1,0xB0CD,0xCFEF,0xBDED,0xB1D2,0xCAD0,0xB2BC,0xCBA7,0xB7AB,0xCAA6,
    0xCFA3,0xD5CA,0xC5C1,0xCCFB,0xC1B1,0xB5DB,0x8E9B,0xB4F8,0x8E9F,0xCFAF,0xB0EF,0x8EA4,
    0x8EA7,0xB3A3,0xC3B1,0xB7F9,0xBBCF,0xC4BB,0xB4B1,0x8EC5,0x8ECD,0xB8C9,0xC6BD,0xC4EA,
    0xB2A2,0xD0D2,0x8ED6,0xBBC3,0xD3D7,0xD3C4,0x8ED7,0xB9E3,0xD7AF,0xC7EC,0xB1D3,0xB4B2,
    0xD0F2,0xC2AE,0xBFE2,0xD3A6,0xB5D7,0xB5EA,0xC3ED,0xB8FD,0xB8AE,0xC5D3,0xB7CF,0xB6C8,
    0xD7F9,0x8EEC,0xCDA5,0xE2D6,0xCAFC,0xBFB5,0xD3B9,0x8EFB,0x8F42,0xC1AE,0xC0C8,0xC0AA,
    0xC1CE,0x8F4E,0x8F52,0x8F53,0x8F55,0x8F56,0x8F64,0xD1D3,0xCDA2,0xBDA8,0xBFAA,0xD2EC,
    0xC6FA,0xC5AA,0xB1D7,0xCABD,0xB9AD,0xD2FD,0xB8A5,0xBAEB,0xB5DC,0xD5C5,0xC3D6,0xCFD2,
    0xBBA1,0xCDE4,0xC8F5,0x8F88,0x8F8A,0xB5AF,0xC7BF,0x8F97,0x8F9B,0xB9E9,0xB5B1,0xC2BC,
    0xE5E7,0xD0CE,0x8FA9,0xD1E5,0xB2CA,0xB1F2,0xC5ED,0xD5C3,0xD3B0,0xD2DB,0xB3B9,0xB1CB,
    0xCDF9,0xD5F7,0xBEB6,0xB4FD,0xBADC,0xC2C9,0xE1E1,0xD0EC,0x8FBD,0xCDBD,0xB5C3,0xE1E3,
    0x8FC4,0xD3F9,0x8FCD,0xD1AD,0xCEA2,0xE1E7,0xB5C2,0x8FD8,0xBBD5,0xD0C4,0xB1D8,0xD2E4,
    0xBCC9,0xC8CC,0xD6BE,0xCDFC,0xC3A6,0xD6D2,0xD3C7,0xBFEC,0xC4EE,0xBAF6,0xBBB3,0xCCAC,
    0xD4F5,0xC5AD,0xC5C2,0xB2C0,0xC1AF,0xCBBC,0xE2F9,0xBCB1,0xD0D4,0xD4B9,0xB9D6,0xD7DC,
    0x9061,0xC1B5,0xBFD6,0xBAE3,0xBBD6,0xD0F4,0xBADE,0xB6F7,0xB9A7,0xCFA2,0xC7A1,0xB6F1,
    0xC4D5,0xC7C4,0xCFA4,0xBBDA,0xCEF2,0xD3C6,0xBBBC,0xD4C3,0xC4FA,0xD0FC,0xB1AF,0xB5BF,
    0xC7E9,0xBEAA,0xBBF3,0xCFA7,0xCEA9,0xBBDD,0x90BA,0xBEE5,0xB2D2,0xB3CD,0xB9DF,0xCFEB,
    0xC8C7,0xB3EE,0xD3FA,0xD3E4,0xD2E2,0xD3DE,0x90DB,0xB8D0,0xB7DF,0xC0A2,0xD4B8,0xB4C8,
    0x9142,0xBBC5,0xC9F7,0xC4BD,0x914B,0xC2FD,0x9154,0xBBDB,0xBFAE,0x915D,0xCEBF,0x9163,
    0x916E,0x917B,0x918D,0x9197,0x919B,0xBAB6,0xB6AE,0xD0B8,0x91AA,0xC0C1,0x91D1,0x91D2,
    0x91D9,0xB8EA,0xCEEC,0xC8D6,0xCFB7,0xB3C9,0xCED2,0xBDE4,0xBBF2,0xD5BD,0xC6DD,0x91E9,
    0xBDD8,0x91F0,0x91F2,0xB4F7,0x91F4,0xBBA7,0xB7BF,0xCBF9,0xB1E2,0xC9C8,0xCAD6,0xB2C5,
    0xD4FA,0xC6CB,0xB4F2,0xC8D3,0xCDD0,0xBFDB,0xD6B4,0xC0A9,0xC9A8,0xD1EF,0xC5A4,0xB0E7,
    0xC8C5,0xB7F6,0xC5FA,0xD5D2,0xB3D0,0xBCBC,0xB3AD,0xB0D1,0xD2D6,0xD7A5,0xCDB6,0xB6B6,
    0xBFB9,0xD5DB,0xB8A7,0xC5D7,0xC7C0,0xBBA4,0xB1A8,0xC5FB,0xCCA7,0xB1A7,0xB5D6,0xC4A8,
    0xD1BA,0xB3E9,0xB7F7,0xB5A3,0xB2F0,0xC0AD,0xB0E8,0xC5C4,0xBEDC,0xCDD8,0xB0CE,0xCDCF,
    0xBED0,0xD5D0,0xB0DD,0xC4E2,0xD3B5,0xB2A6,0xD4F1,0xC0A8,0xD5FC,0xB9B0,0xC8AD,0xC6B4,
    0xCAB0,0xC4C3,0xB3D6,0xB9D2,0xD6B8,0xB0B4,0xCCF4,0xCDDA,0xB5B2,0xD5F5,0xBCB7,0xBBD3,
    0xC5B2,0xB4EC,0xD5F1,0xCDA6,0xCDEC,0xD7BD,0xBEE8,0xB2B6,0xCBF0,0xBBBB,0xC5F5,0xBEDD,
    0x92D4,0xBDDD,0x92DF,0xCADA,0xB5F4,0xD5C6,0xC5C5,0xBEF2,0x92EC,0xC2D3,0x92F1,0xCCBD,
    0xBDD3,0xBFD8,0xCDC6,0xD1DA,0xB4EB,0xC3E8,0xCCE1,0xB2E5,0x9350,0x9351,0xCED5,0xBDD2,
    0x935D,0xD4AE,0xBDC1,0x9370,0xB2AB,0x9375,0xCBD1,0xB8E3,0xB0E1,0xB4EE,0x938C,0xD0AF,
    0xC9E3,0xB0DA,0xD2A1,0xCBA4,0xD5AA,0xB4DD,0xC4A6,0xC3FE,0xB3C5,0xC8F6,0xCBBA,0xD7B2,
    0xB3B7,0x93DC,0x93E1,0xB2A5,0xD7AB,0xBAB3,0x93ED,0xC9C3,0x93F1,0x93F4,0x93F5,0xB2D9,
    0xC7E6,0x93FA,0x93FE,0xB2C1,0x944D,0x9455,0x945B,0x945F,0xC5CA,0x9479,0x947A,0xD6A7,
    0xCAD5,0xB8C4,0xB9A5,0xB7C5,0xD5FE,0xB9CA,0xD0A7,0xB5D0,0xC3F4,0xBEC8,0x94A1,0x94A2,
    0xBDCC,0xC1B2,0xB3A8,0xB8D2,0xC9A2,0xB6D8,0xBEB4,0xCAFD,0xC7C3,0xD5FB,0x94B3,0xB7F3,
    0x94B5,0xCEC4,0xD5AB,0xB1F3,0xECB3,0xB0DF,0xB6B7,0xC1CF,0xD0B1,0xBDEF,0xB3E2,0xD5B6,
    0x94D8,0xB6CF,0xCBB9,0xD0C2,0x94E0,0xB7BD,0xECB6,0xCAA9,0xC5D4,0xC2C3,0xD0FD,0xD7E5,
    0xC6EC,0xCEDE,0xBCC8,0xC8D5,0xB5A9,0xBEC9,0xD6BC,0xD4E7,0xD1AE,0xD0F1,0xBAB5,0xCAB1,
    0xCDFA,0xB0BA,0xC0A5,0x954E,0xB2FD,0xC3F7,0xBBE8,0xD2D7,0xCEF4,0xD0C7,0xD3B3,0xB4BA,
    0xD7F2,0xD5D1,0xCAC7,0xCFD4,0x9572,0xBBCE,0x9578,0xBDFA,0xC9B9,0xCFFE,0xD4CE,0xCDED,
    0xB3BF,0xC6D5,0xBEB0,0xCEFA,0xC7E7,0xBEA7,0xD6C7,0xD4DD,0xCAEE,0xC5AF,0xB0B5,0xF4DF,
    0x95BA,0xC4BA,0xB1A9,0x95D1,0x95D4,0xEAD7,0xC6D8,0xD4BB,0xC7FA,0xB8FC,0x95F8,0xB2DC,
    0xC2FC,0xD4F8,0xCCE6,0xD7EE,0x95FE,0xD4C2,0xD3D0,0xC5F3,0xB7FE,0xCBB7,0xC0CA,0xCDFB,
    0xB3AF,0xC6DA,0xC4BE,0xCEB4,0xC4A9,0xB1BE,0xD4FD,0xCAF5,0xD6EC,0xC6D3,0xB6E4,0xBBFA,
    0xC9B1,0xD4D3,0xC8A8,0xB8CB,0xC9BC,0xC0EE,0xD0D3,0xB2C4,0xB4E5,0xD5C8,0xB6C5,0xE8BD,
    0xCAF8,0xCCF5,0xC0B4,0xD1EE,0xBABC,0xB1AD,0xBDDC,0x967C,0xCBC9,0xB0E5,0xBCAB,0xB9B9,
    0xCEF6,0xD5ED,0xC1D6,0xC3B6,0xB9FB,0xD6A6,0xCAE0,0xD4E6,0xC7B9,0xB7E3,0xBFDD,0xBCDC,
    0xB1FA,0xB0D8,0xC4B3,0xC8BE,0xC8E1,0xB9F1,0xC4FB,0xB2E9,0xBFC2,0xD6F9,0xC1F8,0xB2F1,
    0xCAC1,0xB1EA,0xD5BB,0xB6B0,0xC0B8,0xCAF7,0xC6DC,0xC0F5,0xD0A3,0xD6EA,0xD1F9,0xBACB,
    0xB8F9,0xB8F1,0xD4D4,0xB9F0,0xCCD2,0xBFF2,0xB0B8,0xD7C0,0xCDA9,0xC9A3,0xBBB8,0xB5B5,
    0xC7C5,0xCDB0,0x9755,0xC1BA,0xC3B7,0xE8F7,0xB9A3,0x976C,0xC3CE,0xCEE0,0xC0E6,0xCBF3,
    0xCCDD,0xD0B5,0xCAE1,0xE8F3,0xBCEC,0x9789,0xC3DE,0xC6E5,0xB9F7,0xB0F4,0xD7D8,0xBCAC,
    0xC5EF,0x979D,0xCCC4,0xC9AD,0xC0E2,0x97AB,0xBFC3,0xD2CE,0xD6B2,0xD7B5,0xBDB7,0xD2AC,
    0x97EE,0xB3FE,0xE9AA,0x9849,0x984F,0xC2A5,0xB8C5,0xE9AD,0xD3DC,0xB0F1,0x9873,0xC1F1,
    0x988B,0x988C,0xB2DB,0x98B7,0x98C5,0x98C7,0x98CB,0xC4A3,0x98D3,0xBAE1,0xD3A3,0x98E4,
    0xE9CF,0x98F2,0xE9D9,0xB3C8,0x9943,0xCFF0,0x994D,0xE9DC,0x996E,0x997A,0xC3CA,0x99D1,
    0x99DA,0x99E0,0xC7B7,0xB4CE,0xBBB6,0xD0C0,0xC5B7,0xD3FB,0xC6DB,0x9A4A,0xBFEE,0xD0AA,
    0xC7B8,0xB8E8,0x9A57,0x9A67,0xD6B9,0xD5FD,0xB4CB,0xB2BD,0xCEE4,0xC6E7,0x9A71,0x9A76,
    0x9A77,0xCBC0,0xBCDF,0xCAE2,0xB2D0,0xD6B3,0x9A88,0xB6CE,0xD2F3,0x9AA2,0x9AA4,0xB5EE,
    0x9AA7,0xBBD9,0xD2E3,0xC4B8,0xC3BF,0xB6BE,0xB1C8,0xB1CF,0xC5FE,0xC3AB,0xBAC1,0xCCBA,
    0xCACF,0xC3F1,0xC6F8,0xB7D5,0xB7FA,0xC7E2,0x9AE2,0xD1F5,0xB0B1,0xB5AA,0xC2C8,0xCBAE,
    0xD3C0,0xCDA1,0xD6AD,0xC7F3,0xBBE3,0xBABA,0xCFAB,0xC9C7,0xBAB9,0xC8EA,0xBDAD,0xB3D8,
    0xCEDB,0xCCC0,0xCDF4,0xCCAD,0xE3EB,0x9B51,0xC6FB,0xC7DF,0xCED6,0xC9F2,0xB3C1,0xE3E5,
    0x9B5D,0x9B5F,0xC9B3,0xC5E6,0xB9B5,0xC3BB,0xC1A4,0xB2D7,0xBBA6,0xC4AD,0xBEDA,0xBAD3,
    0xB7D0,0xD3CD,0xD6CE,0xD5D3,0xD5B4,0xD1D8,0x9B72,0xD0B9,0xC8AA,0xB2B4,0xC3DA,0xB7A8,
    0xB7BA,0xC5DD,0xB2A8,0xC6FC,0xC4E0,0xD7A2,0xC0E1,0xCCA9,0xD3BE,0xB1C3,0xD0BA,0xC6C3,
    0xD4F3,0xBDE0,0xD1F3,0xC8F7,0xCFB4,0xC2E5,0xB6B4,0xBDF2,0xBAE9,0xD6DE,0xBBEE,0xC5C9,
    0xC1F7,0xC7B3,0xBDAC,0xBDBD,0xB2E2,0xBCC3,0xE4AF,0xBBEB,0xC5A8,0xD5E3,0xC6D6,0xBAC6,
    0xC0CB,0xB8A1,0xD4A1,0xBAA3,0xBDFE,0xCDBF,0xC4F9,0xCFFB,0xC9E6,0xD3BF,0xCCCE,0xCED0,
    0xC8F3,0xD5C7,0xC9AC,0xD1C4,0xD2BA,0xBAAD,0x9BF6,0xB5ED,0xCFFD,0xE4BF,0xC1DC,0xCAE7,
    0xCCD4,0x9C49,0xB5AD,0x9C51,0xD2F9,0xBBB4,0xC9EE,0xB4BE,0x9C59,0xBBEC,0xD1CD,0x9C5C,
    0xCCED,0xC7E5,0xD4A8,0xBDA5,0xD3E6,0xC9F8,0x9C70,0xC7FE,0xB6C9,0xD4FC,0x9C75,0xCEC2,
    0x9C79,0xB8DB,0xE4D6,0xBFCA,0xD3CE,0xBAFE,0xCFE6,0xD5BF,0x9CAB,0xCDE5,0xCAAA,0xC0A3,
    0xD4B4,0x9CCA,0xC1EF,0x9CCF,0xD2E7,0xCFAA,0x9CD8,0xCBDD,0xC8DC,0x9CE7,0xD7CC,0xBBAC,
    0xEBF8,0xB9F6,0xD6CD,0xC2FA,0xC2CB,0xC0C4,0xB1F5,0xCCB2,0xB5CE,0x9D4C,0x9D4D,0x9D4F,
    0xC6AF,0xC6E1,0xC2A9,0xD1DD,0xC4AE,0x9D68,0xC2FE,0xD5C4,0x9D75,0x9D8D,0xC5CB,0x9D93,
    0xC7B1,0x9D99,0xCCB6,0xB3B1,0xB3CE,0xC5EC,0xD4E8,0x9DC9,0xB0C4,0xBCA4,0x9DE2,0xB1F4,
    0x9DF1,0x9DFA,0x9E49,0xC6D9,0x9E7C,0xB9E0,0x9EA9,0x9EB3,0xBBF0,0xC3F0,0xB5C6,0xBBD2,
    0xC1E9,0x9EC4,0xD4D6,0xB2D3,0xC2AF,0xD1D7,0xB3B4,0xECC5,0xCCBF,0xC5DA,0xB1FE,0xD5A8,
    0xB5E3,0x9EE9,0xC1B6,0xCBB8,0xC0C3,0xC1D2,0x9EF5,0xBAE6,0xD6F2,0xD1CC,0xBFBE,0xB7B3,
    0xC9D5,0xC8C8,0xCFA9,0xCDE9,0xC5EB,0xB7D9,0x9F6F,0xBDB9,0xD1E6,0xC8BB,0xBBCD,0xBCE5,
    0x9F9F,0xC9B7,0xC3BA,0xD5D5,0xD6F3,0xD0DC,0xC8DB,0xCEF5,0xCAEC,0xB0BE,0x9FE1,0xC8BC,
    0x9FF4,0x9FFD,0xD1E0,0xA049,0xD4EF,0xB1AC,0xD7A6,0xC5C0,0xA08E,0xB0AE,0xA091,0xBEF4,
    0xB8B8,0xD2AF,0xB0D6,0xA094,0xCBAC,0xA096,0xA09D,0xC6AC,0xB0E6,0xC5C6,0xD1C0,0xC5A3,
    0xC4B2,0xA0AD,0xC4B5,0xC0CE,0xC4C1,0xCEEF,0xC9FC,0xC7A3,0xCCD8,0xCEFE,0xA0BF,0xC8AE,
    0xB7B8,0xD7B4,0xD3CC,0xA0EE,0xBFF1,0xB5D2,0xBAFC,0xB9B7,0xBED1,0xBADD,0xE1F7,0xB6C0,
    0xCFC1,0xCAA8,0xD3FC,0xC0EA,0xC0C7,0xC1D4,0xC3CD,0xB2C2,0xD0C9,0xD6ED,0xC3A8,0xCFD7,
    0xBAEF,0xAA71,0xD4B3,0xAA7A,0xAA7B,0xAA84,0xAA9A,0xAB40,0xAB43,0xAB46,0xAB49,0xD0FE,
    0xC2CA,0xD3F1,0xCDF5,0xC2EA,0xCDE6,0xC3B5,0xBBB7,0xCFD6,0xC1E1,0xB2A3,0xE7EA,0xC9BA,
    0xD5E4,0xD6E9,0xB0E0,0xAC46,0xC7F2,0xC0ED,0xC1F0,0xE7F9,0xE7F7,0xC1D5,0xC7D9,0xC7ED,
    0xBAF7,0xE8A4,0xC8F0,0xC9AA,0xAC94,0xB9E5,0xD1FE,0xC1A7,0xE8B0,0xAD68,0xAD82,0xB9CF,
    0xB0EA,0xCDDF,0xC6BF,0xB4C9,0xD5E7,0xB8CA,0xC9F5,0xCCF0,0xC9FA,0xAE61,0xD3C3,0xB8A6,
    0xCCEF,0xD3C9,0xBCD7,0xC9EA,0xB5E7,0xC4D0,0xB5E9,0xEEAE,0xBBAD,0xB3A9,0xBDE7,0xCEB7,
    0xC5CF,0xC1F4,0xD0F3,0xAE85,0xC2D4,0xB7AC,0xAE8B,0xAE90,0xAE94,0xBDAE,0xAF42,0xCAE8,
    0xD2C9,0xC1C6,0xD2DF,0xB7E8,0xC6A3,0xCCDB,0xBCB2,0xB2A1,0xD6A2,0xBADB,0xCDB4,0xB3D5,
    0xAF82,0xC1F6,0xCADD,0xF1AB,0xAF9F,0xB0A9,0xB5C7,0xB06C,0xB0D7,0xB0D9,0xD4ED,0xB5C4,
    0xBDD4,0xBBCA,0xC6A4,0xD6E5,0xB0A0,0xC5E8,0xD3AF,0xD2E6,0xB0BB,0xD1CE,0xBCE0,0xBAD0,
    0xBFF8,0xB8C7,0xB5C1,0xC5CC,0xCAA2,0xB149,0xC3CB,0xB14D,0xB14F,0xB150,0xB152,0xC4BF,
    0xC3A4,0xD6B1,0xCFE0,0xC5CE,0xB6DC,0xCAA1,0xC3BC,0xBFB4,0xD5E6,0xC3DF,0xBEEC,0xD1DB,
    0xB18A,0xD7C5,0xBEA6,0xCBAF,0xB6BD,0xC3E9,0xC7C6,0xCBB2,0xCDAB,0xC3AC,0xCAB8,0xD2D3,
    0xD6AA,0xBED8,0xB6CC,0xB0AB,0xCAAF,0xEDB6,0xBFF3,0xC2EB,0xC9B0,0xBFB3,0xD1D0,0xD7A9,
    0xB368,0xC6C6,0xD4D2,0xB4A1,0xB9E8,0xCBB6,0xCFF5,0xC1F2,0xD3B2,0xC8B7,0xC2B5,0xB0AD,
    0xCBE9,0xB1AE,0xCDEB,0xB5FA,0xB1CC,0xB454,0xC5F6,0xBCEE,0xCCBC,0xB45F,0xB461,0xB4C5,
    0xB0F5,0xC4A5,0xB489,0xC1D7,0xBDB8,0xB541,0xB54B,0xB556,0xCABE,0xC0F1,0xC9E7,0xECEB,
    0xC6ED,0xB576,0xD7E6,0xD7A3,0xC9F1,0xECF4,0xCFE9,0xC6B1,0xBCC0,0xBBF6,0xB593,0xBDFB,
    0xC2BB,0xECF8,0xB8A3,0xB652,0xECFB,0xB655,0xB659,0xD3ED,0xC0EB,0xC7DD,0xBACC,0xD0E3,
    0xCBBD,0xB1FC,0xC7EF,0xD6D6,0xBFC6,0xC3EB,0xC3D8,0xD7E2,0xC7D8,0xD6C8,0xBBFD,0xB3C6,
    0xD2C6,0xCFA1,0xB690,0xB3CC,0xC9D4,0xCBB0,0xD6C9,0xF6D5,0xB74E,0xB751,0xCEC8,0xB5BE,
    0xBBFC,0xB8E5,0xC4C2,0xB765,0xCBEB,0xB780,0xD1A8,0xBEBF,0xC7EE,0xBFD5,0xB4A9,0xCDBB,
    0xC7D4,0xD5AD,0xB4B0,0xCED1,0xBFDF,0xC1A2,0xCAFA,0xD5BE,0xBEBA,0xBEB9,0xD5C2,0xBFA2,
    0xCDAF,0xBDDF,0xB6CB,0xB882,0xD6F1,0xD0A6,0xB1CA,0xB5D1,0xB7FB,0xB1BF,0xB5DA,0xC1FD,
    0xB950,0xB5C8,0xBDEE,0xD6FE,0xCDB2,0xB4F0,0xB2DF,0xC9B8,0xF3DD,0xB3EF,0xC7A9,0xBCF2,
    0xCBE3,0xB9DC,0xBCFD,0xCFE4,0xB99D,0xB9A0,0xC6AA,0xBA42,0xC0BA,0xC5F1,0xBA86,0xBBC9,
    0xBA9E,0xB2BE,0xBB40,0xBB49,0xBCAE,0xBB60,0xC3D7,0xC0E0,0xB7DB,0xC1A3,0xB4D6,0xD5B3,
    0xD4C1,0xD6E0,0xC1B8,0xBB9B,0xB4E2,0xBEAB,0xBAFD,0xB8E2,0xCCC7,0xB2DA,0xD4E3,0xBC5A,
    0xCFB5,0xBC6F,0xBC73,0xBC74,0xBC79,0xBC7B,0xBC7E,0xBC83,0xBC86,0xBC88,0xBC89,0xBC8A,
    0xCBD8,0xCBF7,0xBDF4,0xD7CF,0xC0DB,0xBC9A,0xBD42,0xBD4B,0xBD4D,0xBD59,0xBD5E,0xBD6A,
    0xBD6F,0xBD79,0xBD7A,0xBD89,0xBD9B,0xBE43,0xBE47,0xBE51,0xBE53,0xBE56,0xBE57,0xBE6F,
    0xBE77,0xBE80,0xBE89,0xBE8E,0xBE8F,0xBE92,0xBE95,0xBE9A,0xBF68,0xBF73,0xBF76,0xBF82,
    0xBF83,0xB7B1,0xBF97,0xC040,0xC04B,0xC04C,0xC04D,0xC05E,0xC06D,0xBEC0,0xBAEC,0xCFCB,
    0xD4BC,0xBCB6,0xBCCD,0xCEB3,0xB4BF,0xC9B4,0xB8D9,0xC4C9,0xD7DD,0xB7D7,0xD6BD,0xCEC6,
    0xB7C4,0xC5A6,0xCFDF,0xC1B7,0xD7E9,0xCFB8,0xD6AF,0xD6D5,0xC9DC,0xBEAD,0xB0F3,0xC8DE,
    0xBDE1,0xC8C6,0xBBE6,0xB8F8,0xC2E7,0xBEF8,0xCDB3,0xD0E5,0xCBE7,0xBCCC,0xBCA8,0xD0F7,
    0xD0F8,0xC9FE,0xCEAC,0xC3E0,0xD7DB,0xD5C0,0xC2CC,0xD7BA,0xC3E5,0xC0C2,0xBBBA,0xB1E0,
    0xD4B5,0xB7EC,0xB2F8,0xCBF5,0xBDC9,0xB8D7,0xC8B1,0xB9DE,0xCDF8,0xBAB1,0xC2DE,0xB7A3,
    0xB0D5,0xD5D6,0xD7EF,0xD6C3,0xC150,0xCAF0,0xC154,0xC15F,0xD1F2,0xC7BC,0xC3C0,0xD0DF,
    0xCFDB,0xC8BA,0xC178,0xD3F0,0xCECC,0xB3E1,0xD2EE,0xC195,0xCFE8,0xB4E4,0xF4E4,0xF4E6,
    0xBAB2,0xB7AD,0xD2ED,0xD2AB,0xC0CF,0xBFBC,0xD5DF,0xB6F8,0xCBA3,0xC4CD,0xB8FB,0xBAC4,
    0xB6FA,0xD2AE,0xB9A2,0xC1C4,0xD6B0,0xC1AA,0xC27D,0xC6B8,0xBEDB,0xC284,0xB4CF,0xC293,
    0xC294,0xC295,0xC29A,0xC2A0,0xCBE0,0xC343,0xCBC1,0xD5D8,0xC8E2,0xBCA1,0xD0A4,0xB6C7,
    0xB8CE,0xB3A6,0xB9C9,0xD6AB,0xB7F4,0xB7CA,0xBCE7,0xB7BE,0xBFCF,0xD3FD,0xEBC8,0xB7CE,
    0xC9F6,0xD6D7,0xD5CD,0xD0B2,0xCEB8,0xB5A8,0xB1B3,0xCCA5,0xC5D6,0xCAA4,0xB0FB,0xBAFA,
    0xD2C8,0xBDBA,0xD0D8,0xB0B7,0xC4DC,0xD6AC,0xC37B,0xB4E0,0xC37D,0xC2F6,0xBCB9,0xD4E0,
    0xC4D4,0xBDC5,0xC393,0xCDD1,0xC1B3,0xC6A2,0xC0B0,0xB8AF,0xC7BB,0xCDF3,0xC458,0xD1FC,
    0xC45F,0xB8B9,0xCFD9,0xC4E5,0xCCDA,0xCDC8,0xB0F2,0xB8E0,0xC477,0xC4A4,0xCFA5,0xC47A,
    0xC5F2,0xC9C5,0xCDCE,0xB1DB,0xC498,0xC544,0xC54B,0xB3BC,0xC552,0xD7D4,0xB3F4,0xD6C1,
    0xD6C2,0xC55F,0xBECB,0xD3DF,0xC563,0xC564,0xC565,0xC566,0xC9E0,0xC9E1,0xCAE6,0xCEE8,
    0xD6DB,0xBABD,0xB0E3,0xBDA2,0xB4AC,0xCDA7,0xCBD2,0xC59E,0xC1BC,0xBCE8,0xC9AB,0xD1DE,
    0xD2D5,0xB0AC,0xBDDA,0xC3A2,0xDCBD,0xD6A5,0xC2AB,0xB7D2,0xB0C5,0xD0BE,0xBBA8,0xB7BC,
    0xDCBF,0xC7DB,0xD1BF,0xB2D4,0xCBD5,0xD4B7,0xCCA6,0xC3E7,0xC8F4,0xBFE0,0xB1BD,0xD3A2,
    0xDCD5,0xC6BB,0xC3AF,0xB7B6,0xC7D1,0xC3A9,0xBEA5,0xB4C4,0xC3A3,0xDCEF,0xC69D,0xD2F0,
    0xB2E8,0xDCF5,0xBEA3,0xB2DD,0xBCF6,0xBBC4,0xB5B4,0xC8D9,0xD2F1,0xD2A9,0xBAC9,0xC0F2,
    0xC766,0xC9AF,0xDDAE,0xC4AA,0xC0B3,0xC1AB,0xBBF1,0xDDBC,0xB9BD,0xBED5,0xBEFA,0xB2CB,
    0xB2A4,0xC6D0,0xC841,0xC1E2,0xB7C6,0xCCD1,0xC852,0xC3C8,0xC6BC,0xC2DC,0xD3AA,0xCFF4,
    0xC8F8,0xC866,0xC2E4,0xC87E,0xD6F8,0xB8F0,0xC6CF,0xB6AD,0xD4E1,0xB4D0,0xBFFB,0xB5D9,
    0xBDAF,0xC3C9,0xCBE2,0xC6D1,0xD5F4,0xD0EE,0xC8D8,0xC977,0xC0B6,0xC5EE,0xC98F,0xC2FB,
    0xCEB5,0xB2CC,0xCA59,0xCADF,0xB1CE,0xDEAC,0xBDB6,0xCA92,0xD4CC,0xC0D9,0xB1A1,0xDEB1,
    0xD1A6,0xCB5D,0xCB5F,0xD0BD,0xCAED,0xDEB9,0xBDE5,0xCB7B,0xB2D8,0xCB87,0xCCD9,0xCB8E,
    0xB7AA,0xD4E5,0xCC4B,0xCC4F,0xC4A2,0xCC6D,0xCC7D,0xBBA2,0xC5B0,0xC2C7,0xCC8E,0xD0E9,
    0xCC93,0xD3DD,0xCC96,0xB3E6,0xBAE7,0xCBE4,0xCFBA,0xCAB4,0xD2CF,0xC2EC,0xCEC3,0xC9DF,
    0xB5B0,0xCDDC,0xD6EB,0xC2F9,0xCAF1,0xB7E4,0xD6A9,0xC3DB,0xC0AF,0xF2E1,0xF2F9,0xF2F0,
    0xBAFB,0xB5FB,0xC8DA,0xCE9E,0xC2DD,0xCF78,0xD0B7,0xD1AA,0xD0D0,0xD1DC,0xD067,0xCFCE,
    0xBDD6,0xD06C,0xD06E,0xBAE2,0xD2C2,0xB2B9,0xB1ED,0xC9C0,0xB3C4,0xCBA5,0xD6D4,0xD4AC,
    0xB4FC,0xC5DB,0xD0E4,0xB1BB,0xCFAE,0xB2C3,0xC1D1,0xD7B0,0xD159,0xD2E1,0xD4A3,0xC8B9,
    0xD161,0xD162,0xD165,0xBFE3,0xC5E1,0xC2E3,0xB9FC,0xD175,0xD17D,0xBAD6,0xCFE5,0xD275,
    0xCEF7,0xD2AA,0xB8B2,0xD28A,0xD28E,0xD295,0xD348,0xD358,0xD35B,0xD35E,0xBCFB,0xB9DB,
    0xB9E6,0xC3D9,0xCAD3,0xC0C0,0xBEF5,0xBDC7,0xBDE2,0xB4A5,0xD37C,0xD1D4,0xD386,0xD38B,
    0xD38D,0xD391,0xD396,0xD39A,0xD39B,0xD44C,0xD44F,0xD453,0xD456,0xD45C,0xD45D,0xD474,
    0xD475,0xD47E,0xD481,0xD483,0xD487,0xD48A,0xD492,0xD493,0xD494,0xD5B2,0xD3FE,0xD549,
    0xD54A,0xCAC4,0xD551,0xD554,0xD55A,0xD55C,0xD560,0xD566,0xD56C,0xD56E,0xD578,0xD57B,
    0xD584,0xD588,0xD593,0xD59E,0xD654,0xD65A,0xD65C,0xD65E,0xD674,0xD676,0xD678,0xD67B,
    0xD743,0xD752,0xD754,0xD756,0xBEAF,0xD767,0xD768,0xD76F,0xD775,0xD778,0xD783,0xD78C,
    0xD793,0xBCC6,0xB6A9,0xC8CF,0xCCD6,0xC8C3,0xD1B5,0xD2E9,0xD1B6,0xBCC7,0xBDB2,0xD1C8,
    0xDAAB,0xD0ED,0xC2DB,0xCBCF,0xB7ED,0xC9E8,0xB7C3,0xD6A4,0xC6C0,0xCAB6,0xD5A9,0xCBDF,
    0xD5EF,0xB4CA,0xDAAF,0xD2EB,0xCAD4,0xCAAB,0xB3CF,0xBBB0,0xB5AE,0xD1AF,0xB8C3,0xCFEA,
    0xD3EF,0xCEF3,0xD3D5,0xCBB5,0xC7EB,0xD6EE,0xC5B5,0xB6C1,0xBFCE,0xCBAD,0xB5F7,0xC1C2,
    0xCCB8,0xD2EA,0xC4B1,0xBBD1,0xD0B3,0xCEBD,0xC3D5,0xD0BB,0xD2A5,0xC7AB,0xBDF7,0xCCB7,
    0xC6D7,0xB9C8,0xB6B9,0xD853,0xEBE0,0xCFF3,0xBAC0,0xD4A5,0xD869,0xB1AA,0xC3B2,0xD888,
    0xD890,0xD891,0xD893,0xD894,0xD895,0xD89A,0xD89B,0xD89C,0xD89E,0xD89F,0xD946,0xD949,
    0xD94D,0xD94E,0xD951,0xD952,0xD959,0xD95A,0xD95C,0xD965,0xD96E,0xD970,0xD974,0xD975,
    0xD978,0xD97C,0xD980,0xD987,0xD98F,0xD990,0xD99B,0xD99D,0xDA41,0xB1B4,0xD5EA,0xB8BA,
    0xB9B1,0xB2C6,0xD4F0,0xCFCD,0xB0DC,0xD5CB,0xBBF5,0xD6CA,0xCCB0,0xC6B6,0xB1E1,0xB9BA,
    0xB9E1,0xCCF9,0xB9F3,0xB4FB,0xC3B3,0xB7D1,0xBAD8,0xD4F4,0xBCD6,0xBBDF,0xD7CA,0xB8B3,
    0xB6C4,0xC9CD,0xB4CD,0xC5E2,0xC0B5,0xD7AC,0xC8FC,0xD4DE,0xD4F9,0xD3AE,0xB3E0,0xC9E2,
    0xBAD5,0xD7DF,0xB8B0,0xD5D4,0xB8CF,0xC6F0,0xB3C3,0xB3AC,0xD4BD,0xC7F7,0xDA73,0xDA77,
    0xC8A4,0xD7E3,0xD6BA,0xD4BE,0xB0CF,0xB5F8,0xC5DC,0xBEE0,0xB8FA,0xDB45,0xBFE7,0xC2B7,
    0xCCF8,0xBCF9,0xCCA4,0xCCDF,0xB2C8,0xD7D9,0xB5B8,0xDB94,0xDB99,0xB1C4,0xD4EA,0xDC53,
    0xC9ED,0xB6E3,0xCCC9,0xDC87,0xDC89,0xDC8A,0xDC8E,0xDC9B,0xDD53,0xDD5E,0xDD64,0xDD6F,
    0xDD70,0xDD76,0xDD78,0xDD85,0xDD86,0xDD8B,0xDD94,0xDD97,0xDDA0,0xDE44,0xDE5A,0xB3B5,
    0xB9EC,0xD0F9,0xD7AA,0xC2D6,0xC8ED,0xBAE4,0xD6E1,0xC7E1,0xD4D8,0xBDCF,0xB8A8,0xC1BE,
    0xB1B2,0xBBD4,0xB7F8,0xBCAD,0xCAE4,0xCFBD,0xD0C1,0xB9BC,0xB4C7,0xB1D9,0xC0B1,0xDE6B,
    0xB1E6,0xB1E7,0xDE6F,0xDE71,0xB3BD,0xC8E8,0xDE72,0xB1DF,0xC1C9,0xB4EF,0xC7A8,0xC6F9,
    0xD1B8,0xB9FD,0xC2F5,0xD3AD,0xD4CB,0xBDFC,0xB7B5,0xBBB9,0xD5E2,0xBDF8,0xD4B6,0xCEA5,
    0xC1AC,0xB3D9,0xE5C8,0xB5CF,0xC6C8,0xB5FC,0xCAF6,0xDE92,0xC3D4,0xBCA3,0xD7B7,0xCDCB,
    0xCBCD,0xCACA,0xCCD3,0xC4E6,0xD1A1,0xD1B7,0xCDB8,0xD6F0,0xB5DD,0xCDBE,0xB6BA,0xDF40,
    0xCDA8,0xCAC5,0xCBD9,0xD4EC,0xB7EA,0xDF42,0xB4FE,0xDF4C,0xDF4D,0xD2DD,0xC2DF,0xB1C6,
    0xD3E2,0xCBEC,0xD3F6,0xDF5B,0xDF5C,0xB1E9,0xDF5E,0xB5C0,0xDF5F,0xDF60,0xD2C5,0xDF62,
    0xDF64,0xDF66,0xDF68,0xC7B2,0xD2A3,0xDF6D,0xD4E2,0xD5DA,0xDF74,0xD7F1,0xDF77,0xDF78,
    0xDF7A,0xDF7C,0xB1DC,0xD1FB,0xDF7E,0xDF80,0xDF85,0xDF89,0xD2D8,0xB5CB,0xC4C7,0xB0EE,
    0xDF97,0xD0B0,0xD3CA,0xC7F1,0xC9DB,0xDBA1,0xC1DA,0xD3F4,0xBDBC,0xC0C9,0xD6A3,0xBFA4,
    0xB2BF,0xB9F9,0xE05D,0xB6BC,0xB6F5,0xE06C,0xE087,0xE08D,0xE08F,0xC7F5,0xC5E4,0xBEC6,
    0xC0D2,0xB3EA,0xCDAA,0xF5A5,0xF5A3,0xBDB4,0xBDCD,0xC3B8,0xBFE1,0xCBE1,0xC4F0,0xB4BC,
    0xD7ED,0xB4D7,0xD0D1,0xC8A9,0xE174,0xB2C9,0xCACD,0xE18C,0xC0EF,0xD6D8,0xD2B0,0xC1BF,
    0xBDF0,0xB8AA,0xE198,0xE28F,0xBCF8,0xE379,0xE37E,0xE391,0xE395,0xE44A,0xE44E,0xE468,
    0xE481,0xE493,0xE49B,0xE558,0xE55C,0xE561,0xE565,0xE649,0xE652,0xE65E,0xE669,0xE682,
    0xE69C,0xE752,0xE78A,0xE846,0xE861,0xE88D,0xD5EB,0xB5F6,0xB8C6,0xD6D3,0xC4C6,0xB8D6,
    0xD4BF,0xC7D5,0xB9B3,0xC5A5,0xC7AE,0xD7EA,0xCCFA,0xC1E5,0xC7A6,0xCDAD,0xC2C1,0xC3FA,
    0xD2F8,0xD6FD,0xC6CC,0xC1B4,0xCFFA,0xCBF8,0xB9F8,0xD0E2,0xB7E6,0xD0BF,0xC8F1,0xB4ED,
    0xCEFD,0xBDF5,0xBCFC,0xB6CD,0xD5F2,0xBEB5,0xE94C,0xB3A4,0xE954,0xE957,0xE95D,0xE95F,
    0xE966,0xE967,0xE977,0xE97D,0xE986,0xEA50,0xC3C5,0xC9C1,0xB1D5,0xCECA,0xB4B3,0xCFD0,
    0xBCE4,0xC3C6,0xD5A2,0xC4D6,0xCEC5,0xC3F6,0xB8F3,0xD4C4,0xB2FB,0xC0AB,0xB8B7,0xB6D3,
    0xDAE6,0xC8EE,0xDAE5,0xB7C0,0xD1F4,0xD2F5,0xD5F3,0xBDD7,0xD7E8,0xB0A2,0xCDD3,0xB8BD,
    0xBCCA,0xC2BD,0xB3C2,0xC4B0,0xBDB5,0xCFDE,0xC9C2,0xEA84,0xD4BA,0xEA87,0xB3FD,0xCFD5,
    0xC5E3,0xEA8E,0xEA90,0xC1EA,0xCCD5,0xCFDD,0xEA91,0xEA96,0xC2A1,0xEAA0,0xCBE5,0xEB41,
    0xCBE6,0xD2FE,0xB8F4,0xCFB6,0xEB48,0xD5CF,0xCBED,0xEB53,0xEB55,0xEB5B,0xC1A5,0xEB60,
    0xEB62,0xC4D1,0xC8B8,0xD1E3,0xD0DB,0xD1C5,0xBCAF,0xB9CD,0xB4C6,0xD3BA,0xB5F1,0xEB6D,
    0xEB70,0xEB73,0xEB75,0xEB78,0xEB79,0xD3EA,0xD1A9,0xF6A9,0xEB85,0xC1E3,0xC0D7,0xEB8A,
    0xCEED,0xD0E8,0xCFF6,0xD5F0,0xC3B9,0xBBF4,0xC1D8,0xCBAA,0xCFBC,0xEC46,0xC2B6,0xB0D4,
    0xEC60,0xC7E0,0xBEB8,0xBEB2,0xEC6F,0xB7C7,0xBFBF,0xC3E6,0xB8EF,0xD1A5,0xD0AC,0xB0B0,
    0xB1DE,0xED66,0xED6E,0xCEA4,0xC8CD,0xBAAB,0xD2F4,0xD4CF,0xC9D8,0xED8D,0xED91,0xED93,
    0xED94,0xED97,0xED98,0xED9A,0xED9E,0xEE41,0xEE43,0xEE44,0xEE48,0xEE49,0xEE5E,0xEE6C,
    0xEE77,0xEE7D,0xEE7E,0xEE81,0xEE8A,0xEE90,0xEE99,0xEF40,0xD2B3,0xB6A5,0xC7EA,0xCFEE,
    0xCBB3,0xD0EB,0xCDE7,0xB9CB,0xB6D9,0xB0E4,0xCBCC,0xD4A4,0xC1EC,0xC6C4,0xBEB1,0xC6B5,
    0xD3B1,0xBFC5,0xCCE2,0xD1D5,0xB6EE,0xB5DF,0xEF4C,0xEF55,0xB7E7,0xC6AE,0xEF77,0xB7C9,
    0xCAB3,0xEF88,0xEF8B,0xEF97,0xF042,0xB2CD,0xF04E,0xF05E,0xBCA2,0xE2BF,0xB7B9,0xD2FB,
    0xCACE,0xB1A5,0xCBC7,0xC8C4,0xB1FD,0xB6F6,0xB9DD,0xC0A1,0xCAD7,0xCFE3,0xDCB0,0xF152,
    0xF154,0xF167,0xF176,0xF17B,0xF182,0xF245,0xF254,0xF25F,0xF276,0xF28C,0xF29E,0xF340,
    0xC2ED,0xB3DB,0xC7FD,0xB2B5,0xCABB,0xD7A4,0xBCDD,0xC2EE,0xBDBE,0xD1E9,0xC6EF,0xC6AD,
    0xC9A7,0xD6E8,0xB9C7,0xF7C0,0xCBE8,0xF377,0xB8DF,0xF38C,0xF3A0,0xF459,0xB9ED,0xBFFD,
    0xBBEA,0xF7C8,0xCEBA,0xC4A7,0xF47E,0xF494,0xF555,0xF572,0xF692,0xD3E3,0xC2B3,0xB1AB,
    0xCFCA,0xF6E8,0xBEA8,0xF6F9,0xF7A2,0xC1DB,0xF842,0xF850,0xF851,0xF899,0xFA51,0xFA97,
    0xC4F1,0xBCA6,0xC3F9,0xD1BB,0xD1BC,0xBAE8,0xB6EC,0xC5F4,0xBAD7,0xD3A5,0xFB7D,0xC2B9,
    0xFB90,0xF7EB,0xFB9C,0xC2F3,0xFC49,0xC2E9,0xFC4E,0xFC53,0xBBC6,0xC0E8,0xF0A4,0xBADA,
    0xC4AC,0xF7EC,0xFC63,0xFC68,0xB6A6,0xB9C4,0xCAF3,0xB1C7,0xFD52,0xFD53,0xC6EB,0xFD58,
    0xFD67,0xB3DD,0xC1E4,0xFD88,0xFD8B,0xC1FA,0xFD94,0xB9EA,0xA3A1,0xA3A3,0xA3A5,0xA3A8,
    0xA3A9,0xA3AC,0xA3AD,0xA3AE,0xA3AF,0xA3B0,0xA3B1,0xA3B2,0xA3B3,0xA3BA,0xA3BB,0xA3BF,
    0xA1AB,
};
const uint16_t g_gbk_g2u_val[] = {
    0x814B,0x8179,0x8186,0x81D1,0x81D7,0x81E3,0x81ED,0x8248,0x8253,0x8262,0x827D,0x8280,
    0x8283,0x8286,0x8290,0x82A5,0x82C8,0x82C9,0x82CE,0x82DC,0x82E4,0x82F2,0x82F7,0x82F9,
    0x82FB,0x8341,0x8348,0x8353,0x8357,0x8372,0x8378,0x837C,0x838D,0x8394,0x839E,0x83A6,
    0x83B4,0x83BA,0x83C8,0x83C9,0x83D4,0x8450,0x8465,0x8474,0x8482,0x8493,0x849D,0x84A1,
    0x84A2,0x84A6,0x84A9,0x84C5,0x84D3,0x84D5,0x84D9,0x84DA,0x84DD,0x84EC,0x84EE,0x84F1,
    0x8552,0x855E,0x8566,0x8573,0x8592,0x85A2,0x85C7,0x85CE,0x85D5,0x8644,0x8654,0x8696,
    0x86A2,0x86BE,0x86CA,0x86CC,0x86CE,0x86E1,0x874C,0x878A,0x878D,0x87C0,0x87F8,0x87FA,
    0x8840,0x8841,0x8844,0x8846,0x88CC,0x88D4,0x88F2,0x88F3,0x88F6,0x894B,0x8954,0x8956,
    0x896D,0x89AF,0x89BA,0x89BE,0x89C4,0x89D1,0x89DB,0x89F2,0x89F4,0x8A41,0x8A57,0x8A5A,
    0x8A5E,0x8ACA,0x8B44,0x8B8C,0x8C4F,0x8C57,0x8C6D,0x8C8D,0x8C8E,0x8C8F,0x8C91,0x8C92,
    0x8C99,0x8C9A,0x8CA2,0x8CA3,0x8CA4,0x8CA6,0x8CA7,0x8CC3,0x8CC6,0x8CD3,0x8CD9,0x8CF9,
    0x8D75,0x8D7B,0x8D8F,0x8E58,0x8E5A,0x8E9B,0x8E9F,0x8EA4,0x8EA7,0x8EC5,0x8ECD,0x8ED6,
    0x8ED7,0x8EEC,0x8EFB,0x8F42,0x8F4E,0x8F52,0x8F53,0x8F55,0x8F56,0x8F64,0x8F88,0x8F8A,
    0x8F97,0x8F9B,0x8FA9,0x8FBD,0x8FC4,0x8FCD,0x8FD8,0x9061,0x90BA,0x90DB,0x9142,0x914B,
    0x9154,0x915D,0x9163,0x916E,0x917B,0x918D,0x9197,0x919B,0x91AA,0x91D1,0x91D2,0x91D9,
    0x91E9,0x91F0,0x91F2,0x91F4,0x92D4,0x92DF,0x92EC,0x92F1,0x9350,0x9351,0x935D,0x9370,
    0x9375,0x938C,0x93DC,0x93E1,0x93ED,0x93F1,0x93F4,0x93F5,0x93FA,0x93FE,0x944D,0x9455,
    0x945B,0x945F,0x9479,0x947A,0x94A1,0x94A2,0x94B3,0x94B5,0x94D8,0x94E0,0x954E,0x9572,
    0x9578,0x95BA,0x95D1,0x95D4,0x95F8,0x95FE,0x967C,0x9755,0x976C,0x9789,0x979D,0x97AB,
    0x97EE,0x9849,0x984F,0x9873,0x988B,0x988C,0x98B7,0x98C5,0x98C7,0x98CB,0x98D3,0x98E4,
    0x98F2,0x9943,0x994D,0x996E,0x997A,0x99D1,0x99DA,0x99E0,0x9A4A,0x9A57,0x9A67,0x9A71,
    0x9A76,0x9A77,0x9A88,0x9AA2,0x9AA4,0x9AA7,0x9AE2,0x9B51,0x9B5D,0x9B5F,0x9B72,0x9BF6,
    0x9C49,0x9C51,0x9C59,0x9C5C,0x9C70,0x9C75,0x9C79,0x9CAB,0x9CCA,0x9CCF,0x9CD8,0x9CE7,
    0x9D4C,0x9D4D,0x9D4F,0x9D68,0x9D75,0x9D8D,0x9D93,0x9D99,0x9DC9,0x9DE2,0x9DF1,0x9DFA,
    0x9E49,0x9E7C,0x9EA9,0x9EB3,0x9EC4,0x9EE9,0x9EF5,0x9F6F,0x9F9F,0x9FE1,0x9FF4,0x9FFD,
    0xA049,0xA08E,0xA091,0xA094,0xA096,0xA09D,0xA0AD,0xA0BF,0xA0EE,0xA1A1,0xA1A2,0xA1A3,
    0xA1A4,0xA1AA,0xA1AB,0xA1AD,0xA1AE,0xA1AF,0xA1B0,0xA1B1,0xA1B4,0xA1B5,0xA1B6,0xA1B7,
    0xA1B8,0xA1B9,0xA1BA,0xA1BB,0xA1BE,0xA1BF,0xA1C1,0xA1E3,0xA1E6,0xA1EE,0xA1F9,0xA1FA,
    0xA3A1,0xA3A3,0xA3A5,0xA3A8,0xA3A9,0xA3AC,0xA3AD,0xA3AE,0xA3AF,0xA3B0,0xA3B1,0xA3B2,
    0xA3B3,0xA3BA,0xA3BB,0xA3BF,0xA4A2,0xA4A4,0xA4A6,0xA4A8,0xA4AA,0xA4AB,0xA4AC,0xA4AD,
    0xA4AF,0xA4B1,0xA4B3,0xA4B5,0xA4B7,0xA4B8,0xA4B9,0xA4BB,0xA4BF,0xA4C0,0xA4C1,0xA4C3,
    0xA4C4,0xA4C6,0xA4C7,0xA4C8,0xA4CA,0xA4CB,0xA4CE,0xA4CF,0xA4D2,0xA4DE,0xA4DF,0xA4E1,
    0xA4E2,0xA4E3,0xA4E4,0xA4E6,0xA4E8,0xA4E9,0xA4EA,0xA4EB,0xA4EC,0xA4ED,0xA4EF,0xA4F2,
    0xA4F3,0xA5A2,0xA5A3,0xA5A4,0xA5A6,0xA5A7,0xA5A8,0xA5AA,0xA5AB,0xA5AC,0xA5AD,0xA5AF,
    0xA5B0,0xA5B1,0xA5B3,0xA5B5,0xA5B7,0xA5B8,0xA5B9,0xA5BA,0xA5BB,0xA5BF,0xA5C0,0xA5C1,
    0xA5C3,0xA5C6,0xA5C7,0xA5C8,0xA5C9,0xA5CA,0xA5CB,0xA5CE,0xA5CF,0xA5D0,0xA5D1,0xA5D3,
    0xA5D5,0xA5D6,0xA5D7,0xA5DE,0xA5DF,0xA5E0,0xA5E1,0xA5E2,0xA5E3,0xA5E5,0xA5E7,0xA5E9,
    0xA5EA,0xA5EB,0xA5EC,0xA5ED,0xA5EF,0xA5F3,0xA6C1,0xA6C2,0xA6D0,0xA7D1,0xA7D6,0xA7DA,
    0xA7DC,0xA7DD,0xA7DF,0xA7E0,0xA7E2,0xA7E3,0xA7E4,0xA843,0xA8A1,0xA8A2,0xA8A6,0xA8A8,
    0xA8AA,0xA8AE,0xA8B9,0xA960,0xA9A4,0xAA71,0xAA7A,0xAA7B,0xAA84,0xAA9A,0xAB40,0xAB43,
    0xAB46,0xAB49,0xAC46,0xAC94,0xAD68,0xAD82,0xAE61,0xAE85,0xAE8B,0xAE90,0xAE94,0xAF42,
    0xAF82,0xAF9F,0xB06C,0xB0A0,0xB0A1,0xB0A2,0xB0A3,0xB0A5,0xB0A7,0xB0A9,0xB0AB,0xB0AC,
    0xB0AD,0xB0AE,0xB0B0,0xB0B1,0xB0B2,0xB0B4,0xB0B5,0xB0B6,0xB0B7,0xB0B8,0xB0BA,0xB0BB,
    0xB0BC,0xB0BE,0xB0C1,0xB0C2,0xB0C4,0xB0C5,0xB0C9,0xB0CB,0xB0CD,0xB0CE,0xB0CF,0xB0D1,
    0xB0D3,0xB0D4,0xB0D5,0xB0D6,0xB0D7,0xB0D8,0xB0D9,0xB0DA,0xB0DC,0xB0DD,0xB0DF,0xB0E0,
    0xB0E1,0xB0E3,0xB0E4,0xB0E5,0xB0E6,0xB0E7,0xB0E8,0xB0E9,0xB0EA,0xB0EB,0xB0EC,0xB0EE,
    0xB0EF,0xB0F1,0xB0F2,0xB0F3,0xB0F4,0xB0F5,0xB0F8,0xB0FB,0xB0FC,0xB0FE,0xB149,0xB14D,
    0xB14F,0xB150,0xB152,0xB18A,0xB1A1,0xB1A3,0xB1A4,0xB1A5,0xB1A6,0xB1A7,0xB1A8,0xB1A9,
    0xB1AA,0xB1AB,0xB1AC,0xB1AD,0xB1AE,0xB1AF,0xB1B0,0xB1B1,0xB1B2,0xB1B3,0xB1B4,0xB1B6,
    0xB1B8,0xB1BB,0xB1BC,0xB1BD,0xB1BE,0xB1BF,0xB1C0,0xB1C3,0xB1C4,0xB1C6,0xB1C7,0xB1C8,
    0xB1CA,0xB1CB,0xB1CC,0xB1CE,0xB1CF,0xB1D2,0xB1D3,0xB1D5,0xB1D7,0xB1D8,0xB1D9,0xB1DA,
    0xB1DB,0xB1DC,0xB1DE,0xB1DF,0xB1E0,0xB1E1,0xB1E2,0xB1E3,0xB1E4,0xB1E6,0xB1E7,0xB1E9,
    0xB1EA,0xB1ED,0xB1F0,0xB1F2,0xB1F3,0xB1F4,0xB1F5,0xB1F6,0xB1F8,0xB1F9,0xB1FA,0xB1FB,
    0xB1FC,0xB1FD,0xB1FE,0xB2A1,0xB2A2,0xB2A3,0xB2A4,0xB2A5,0xB2A6,0xB2A8,0xB2A9,0xB2AA,
    0xB2AB,0xB2AE,0xB2B4,0xB2B5,0xB2B6,0xB2B7,0xB2B8,0xB2B9,0xB2BA,0xB2BB,0xB2BC,0xB2BD,
    0xB2BE,0xB2BF,0xB2C0,0xB2C1,0xB2C2,0xB2C3,0xB2C4,0xB2C5,0xB2C6,0xB2C8,0xB2C9,0xB2CA,
    0xB2CB,0xB2CC,0xB2CD,0xB2CE,0xB2D0,0xB2D2,0xB2D3,0xB2D4,0xB2D6,0xB2D7,0xB2D8,0xB2D9,
    0xB2DA,0xB2DB,0xB2DC,0xB2DD,0xB2DF,0xB2E0,0xB2E1,0xB2E2,0xB2E3,0xB2E5,0xB2E6,0xB2E8,
    0xB2E9,0xB2EC,0xB2EE,0xB2F0,0xB2F1,0xB2F8,0xB2FA,0xB2FB,0xB2FD,0xB368,0xB3A1,0xB3A2,
    0xB3A3,0xB3A4,0xB3A5,0xB3A6,0xB3A7,0xB3A8,0xB3A9,0xB3AA,0xB3AB,0xB3AC,0xB3AD,0xB3AF,
    0xB3B0,0xB3B1,0xB3B2,0xB3B3,0xB3B4,0xB3B5,0xB3B7,0xB3B9,0xB3BC,0xB3BD,0xB3BE,0xB3BF,
    0xB3C1,0xB3C2,0xB3C3,0xB3C4,0xB3C5,0xB3C6,0xB3C7,0xB3C8,0xB3C9,0xB3CA,0xB3CB,0xB3CC,
    0xB3CD,0xB3CE,0xB3CF,0xB3D0,0xB3D4,0xB3D5,0xB3D6,0xB3D7,0xB3D8,0xB3D9,0xB3DB,0xB3DD,
    0xB3DF,0xB3E0,0xB3E1,0xB3E2,0xB3E4,0xB3E5,0xB3E6,0xB3E7,0xB3E8,0xB3E9,0xB3EA,0xB3EE,
    0xB3EF,0xB3F0,0xB3F3,0xB3F4,0xB3F5,0xB3F6,0xB3F8,0xB3FD,0xB3FE,0xB454,0xB45F,0xB461,
    0xB489,0xB4A1,0xB4A2,0xB4A5,0xB4A6,0xB4A8,0xB4A9,0xB4AB,0xB4AC,0xB4AD,0xB4AE,0xB4B0,
    0xB4B1,0xB4B2,0xB4B3,0xB4B4,0xB4B5,0xB4B9,0xB4BA,0xB4BC,0xB4BD,0xB4BE,0xB4BF,0xB4C4,
    0xB4C5,0xB4C6,0xB4C7,0xB4C8,0xB4C9,0xB4CA,0xB4CB,0xB4CC,0xB4CD,0xB4CE,0xB4CF,0xB4D0,
    0xB4D2,0xB4D3,0xB4D4,0xB4D5,0xB4D6,0xB4D7,0xB4D9,0xB4DD,0xB4DE,0xB4DF,0xB4E0,0xB4E2,
    0xB4E4,0xB4E5,0xB4E6,0xB4E7,0xB4EB,0xB4EC,0xB4ED,0xB4EE,0xB4EF,0xB4F0,0xB4F2,0xB4F3,
    0xB4F4,0xB4F7,0xB4F8,0xB4FA,0xB4FB,0xB4FC,0xB4FD,0xB4FE,0xB541,0xB54B,0xB556,0xB576,
    0xB593,0xB5A3,0xB5A4,0xB5A5,0xB5A8,0xB5A9,0xB5AA,0xB5AB,0xB5AD,0xB5AE,0xB5AF,0xB5B0,
    0xB5B1,0xB5B2,0xB5B3,0xB5B4,0xB5B5,0xB5B6,0xB5B8,0xB5B9,0xB5BA,0xB5BC,0xB5BD,0xB5BE,
    0xB5BF,0xB5C0,0xB5C1,0xB5C2,0xB5C3,0xB5C4,0xB5C6,0xB5C7,0xB5C8,0xB5CB,0xB5CC,0xB5CD,
    0xB5CE,0xB5CF,0xB5D0,0xB5D1,0xB5D2,0xB5D5,0xB5D6,0xB5D7,0xB5D8,0xB5D9,0xB5DA,0xB5DB,
    0xB5DC,0xB5DD,0xB5DF,0xB5E3,0xB5E4,0xB5E6,0xB5E7,0xB5E9,0xB5EA,0xB5EC,0xB5ED,0xB5EE,
    0xB5F1,0xB5F4,0xB5F5,0xB5F6,0xB5F7,0xB5F8,0xB5FA,0xB5FB,0xB5FC,0xB5FE,0xB652,0xB655,
    0xB659,0xB690,0xB6A1,0xB6A3,0xB6A5,0xB6A6,0xB6A8,0xB6A9,0xB6AA,0xB6AB,0xB6AC,0xB6AD,
    0xB6AE,0xB6AF,0xB6B0,0xB6B3,0xB6B4,0xB6B5,0xB6B6,0xB6B7,0xB6B9,0xB6BA,0xB6BC,0xB6BD,
    0xB6BE,0xB6C0,0xB6C1,0xB6C2,0xB6C4,0xB6C5,0xB6C7,0xB6C8,0xB6C9,0xB6CA,0xB6CB,0xB6CC,
    0xB6CD,0xB6CE,0xB6CF,0xB6D1,0xB6D3,0xB6D4,0xB6D6,0xB6D8,0xB6D9,0xB6DC,0xB6E0,0xB6E1,
    0xB6E3,0xB6E4,0xB6EC,0xB6ED,0xB6EE,0xB6F0,0xB6F1,0xB6F2,0xB6F5,0xB6F6,0xB6F7,0xB6F8,
    0xB6F9,0xB6FA,0xB6FB,0xB6FE,0xB74E,0xB751,0xB765,0xB780,0xB7A2,0xB7A3,0xB7A5,0xB7A6,
    0xB7A8,0xB7AA,0xB7AB,0xB7AC,0xB7AD,0xB7B1,0xB7B2,0xB7B3,0xB7B4,0xB7B5,0xB7B6,0xB7B8,
    0xB7B9,0xB7BA,0xB7BB,0xB7BC,0xB7BD,0xB7BE,0xB7BF,0xB7C0,0xB7C1,0xB7C2,0xB7C3,0xB7C4,
    0xB7C5,0xB7C6,0xB7C7,0xB7C8,0xB7C9,0xB7CA,0xB7CB,0xB7CE,0xB7CF,0xB7D0,0xB7D1,0xB7D2,
    0xB7D5,0xB7D6,0xB7D7,0xB7D9,0xB7DB,0xB7DC,0xB7DD,0xB7DF,0xB7E1,0xB7E2,0xB7E3,0xB7E4,
    0xB7E5,0xB7E6,0xB7E7,0xB7E8,0xB7EA,0xB7EB,0xB7EC,0xB7ED,0xB7EE,0xB7EF,0xB7F0,0xB7F1,
    0xB7F2,0xB7F3,0xB7F4,0xB7F6,0xB7F7,0xB7F8,0xB7F9,0xB7FA,0xB7FB,0xB7FC,0xB7FD,0xB7FE,
    0xB882,0xB8A1,0xB8A3,0xB8A5,0xB8A6,0xB8A7,0xB8A8,0xB8A9,0xB8AA,0xB8AE,0xB8AF,0xB8B0,
    0xB8B1,0xB8B2,0xB8B3,0xB8B4,0xB8B5,0xB8B6,0xB8B7,0xB8B8,0xB8B9,0xB8BA,0xB8BB,0xB8BD,
    0xB8BE,0xB8C1,0xB8C2,0xB8C3,0xB8C4,0xB8C5,0xB8C6,0xB8C7,0xB8C9,0xB8CA,0xB8CB,0xB8CE,
    0xB8CF,0xB8D0,0xB8D2,0xB8D4,0xB8D5,0xB8D6,0xB8D7,0xB8D9,0xB8DA,0xB8DB,0xB8DF,0xB8E0,
    0xB8E2,0xB8E3,0xB8E5,0xB8E6,0xB8E7,0xB8E8,0xB8EA,0xB8EE,0xB8EF,0xB8F0,0xB8F1,0xB8F3,
    0xB8F4,0xB8F6,0xB8F7,0xB8F8,0xB8F9,0xB8FA,0xB8FB,0xB8FC,0xB8FD,0xB950,0xB99D,0xB9A0,
    0xB9A2,0xB9A3,0xB9A4,0xB9A5,0xB9A6,0xB9A7,0xB9A9,0xB9AB,0xB9AC,0xB9AD,0xB9B0,0xB9B1,
    0xB9B2,0xB9B3,0xB9B4,0xB9B5,0xB9B7,0xB9B9,0xB9BA,0xB9BB,0xB9BC,0xB9BD,0xB9C0,0xB9C2,
    0xB9C3,0xB9C4,0xB9C5,0xB9C7,0xB9C8,0xB9C9,0xB9CA,0xB9CB,0xB9CC,0xB9CD,0xB9CE,0xB9CF,
    0xB9D1,0xB9D2,0xB9D4,0xB9D6,0xB9D8,0xB9D9,0xB9DA,0xB9DB,0xB9DC,0xB9DD,0xB9DE,0xB9DF,
    0xB9E0,0xB9E1,0xB9E2,0xB9E3,0xB9E5,0xB9E6,0xB9E7,0xB9E8,0xB9E9,0xB9EA,0xB9EC,0xB9ED,
    0xB9F0,0xB9F1,0xB9F3,0xB9F6,0xB9F7,0xB9F8,0xB9F9,0xB9FA,0xB9FB,0xB9FC,0xB9FD,0xB9FE,
    0xBA42,0xBA86,0xBA9E,0xBAA2,0xBAA3,0xBAA5,0xBAA6,0xBAAB,0xBAAC,0xBAAD,0xBAAE,0xBAAF,
    0xBAB0,0xBAB1,0xBAB2,0xBAB3,0xBAB5,0xBAB6,0xBAB9,0xBABA,0xBABC,0xBABD,0xBAC0,0xBAC1,
    0xBAC3,0xBAC4,0xBAC5,0xBAC6,0xBAC7,0xBAC8,0xBAC9,0xBACB,0xBACC,0xBACD,0xBACE,0xBACF,
    0xBAD0,0xBAD3,0xBAD5,0xBAD6,0xBAD7,0xBAD8,0xBAD9,0xBADA,0xBADB,0xBADC,0xBADD,0xBADE,
    0xBAE0,0xBAE1,0xBAE2,0xBAE3,0xBAE4,0xBAE6,0xBAE7,0xBAE8,0xBAE9,0xBAEA,0xBAEB,0xBAEC,
    0xBAED,0xBAEE,0xBAEF,0xBAF1,0xBAF2,0xBAF3,0xBAF4,0xBAF5,0xBAF6,0xBAF7,0xBAF8,0xBAFA,
    0xBAFB,0xBAFC,0xBAFD,0xBAFE,0xBB40,0xBB49,0xBB60,0xBB9B,0xBBA1,0xBBA2,0xBBA4,0xBBA5,
    0xBBA6,0xBBA7,0xBBA8,0xBBAA,0xBBAC,0xBBAD,0xBBAE,0xBBAF,0xBBB0,0xBBB3,0xBBB4,0xBBB5,
    0xBBB6,0xBBB7,0xBBB8,0xBBB9,0xBBBA,0xBBBB,0xBBBC,0xBBBD,0xBBC3,0xBBC4,0xBBC5,0xBBC6,
    0xBBC9,0xBBCA,0xBBCB,0xBBCD,0xBBCE,0xBBCF,0xBBD1,0xBBD2,0xBBD3,0xBBD4,0xBBD5,0xBBD6,
    0xBBD8,0xBBD9,0xBBDA,0xBBDB,0xBBDC,0xBBDD,0xBBDF,0xBBE1,0xBBE3,0xBBE6,0xBBE8,0xBBE9,
    0xBBEA,0xBBEB,0xBBEC,0xBBEE,0xBBEF,0xBBF0,0xBBF1,0xBBF2,0xBBF3,0xBBF4,0xBBF5,0xBBF6,
    0xBBF7,0xBBF8,0xBBF9,0xBBFA,0xBBFC,0xBBFD,0xBC5A,0xBC6F,0xBC73,0xBC74,0xBC79,0xBC7B,
    0xBC7E,0xBC83,0xBC86,0xBC88,0xBC89,0xBC8A,0xBC9A,0xBCA1,0xBCA2,0xBCA3,0xBCA4,0xBCA6,
    0xBCA7,0xBCA8,0xBCAA,0xBCAB,0xBCAC,0xBCAD,0xBCAE,0xBCAF,0xBCB0,0xBCB1,0xBCB2,0xBCB4,
    0xBCB6,0xBCB7,0xBCB8,0xBCB9,0xBCBA,0xBCBC,0xBCBD,0xBCBE,0xBCC0,0xBCC1,0xBCC3,0xBCC4,
    0xBCC5,0xBCC6,0xBCC7,0xBCC8,0xBCC9,0xBCCA,0xBCCC,0xBCCD,0xBCCE,0xBCD0,0xBCD1,0xBCD2,
    0xBCD3,0xBCD6,0xBCD7,0xBCD9,0xBCDB,0xBCDC,0xBCDD,0xBCDE,0xBCDF,0xBCE0,0xBCE1,0xBCE2,
    0xBCE4,0xBCE5,0xBCE6,0xBCE7,0xBCE8,0xBCE9,0xBCEC,0xBCEE,0xBCF2,0xBCF4,0xBCF5,0xBCF6,
    0xBCF8,0xBCF9,0xBCFB,0xBCFC,0xBCFD,0xBCFE,0xBD42,0xBD4B,0xBD4D,0xBD59,0xBD5E,0xBD6A,
    0xBD6F,0xBD79,0xBD7A,0xBD89,0xBD9B,0xBDA1,0xBDA2,0xBDA3,0xBDA5,0xBDA8,0xBDA9,0xBDAA,
    0xBDAB,0xBDAC,0xBDAD,0xBDAE,0xBDAF,0xBDB1,0xBDB2,0xBDB3,0xBDB4,0xBDB5,0xBDB6,0xBDB7,
    0xBDB8,0xBDB9,0xBDBA,0xBDBB,0xBDBC,0xBDBD,0xBDBE,0xBDBF,0xBDC1,0xBDC5,0xBDC7,0xBDC9,
    0xBDCC,0xBDCD,0xBDCF,0xBDD0,0xBDD2,0xBDD3,0xBDD4,0xBDD6,0xBDD7,0xBDD8,0xBDD9,0xBDDA,
    0xBDDC,0xBDDD,0xBDDF,0xBDE0,0xBDE1,0xBDE2,0xBDE3,0xBDE4,0xBDE5,0xBDE7,0xBDE8,0xBDE9,
    0xBDEC,0xBDED,0xBDEE,0xBDEF,0xBDF0,0xBDF1,0xBDF2,0xBDF4,0xBDF5,0xBDF6,0xBDF7,0xBDF8,
    0xBDFA,0xBDFB,0xBDFC,0xBDFE,0xBE43,0xBE47,0xBE51,0xBE53,0xBE56,0xBE57,0xBE6F,0xBE77,
    0xBE80,0xBE89,0xBE8E,0xBE8F,0xBE92,0xBE95,0xBE9A,0xBEA1,0xBEA2,0xBEA3,0xBEA5,0xBEA6,
    0xBEA7,0xBEA8,0xBEA9,0xBEAA,0xBEAB,0xBEAD,0xBEAE,0xBEAF,0xBEB0,0xBEB1,0xBEB2,0xBEB3,
    0xBEB4,0xBEB5,0xBEB6,0xBEB8,0xBEB9,0xBEBA,0xBEBB,0xBEBF,0xBEC0,0xBEC3,0xBEC5,0xBEC6,
    0xBEC8,0xBEC9,0xBECB,0xBECD,0xBED0,0xBED1,0xBED3,0xBED5,0xBED6,0xBED7,0xBED8,0xBED9,
    0xBEDA,0xBEDB,0xBEDC,0xBEDD,0xBEDE,0xBEDF,0xBEE0,0xBEE3,0xBEE4,0xBEE5,0xBEE7,0xBEE8,
    0xBEEA,0xBEEB,0xBEEC,0xBEED,0xBEF2,0xBEF4,0xBEF5,0xBEF6,0xBEF8,0xBEF9,0xBEFA,0xBEFC,
    0xBEFD,0xBEFE,0xBF68,0xBF73,0xBF76,0xBF82,0xBF83,0xBF97,0xBFA1,0xBFA2,0xBFA4,0xBFA6,
    0xBFA7,0xBFA8,0xBFAA,0xBFAD,0xBFAE,0xBFAF,0xBFB0,0xBFB1,0xBFB2,0xBFB3,0xBFB4,0xBFB5,
    0xBFB9,0xBFBC,0xBFBE,0xBFBF,0xBFC2,0xBFC3,0xBFC5,0xBFC6,0xBFC7,0xBFC8,0xBFC9,0xBFCA,
    0xBFCB,0xBFCC,0xBFCD,0xBFCE,0xBFCF,0xBFD3,0xBFD5,0xBFD6,0xBFD7,0xBFD8,0xBFDA,0xBFDB,
    0xBFDC,0xBFDD,0xBFDE,0xBFDF,0xBFE0,0xBFE1,0xBFE2,0xBFE3,0xBFE4,0xBFE7,0xBFE9,0xBFEC,
    0xBFED,0xBFEE,0xBFEF,0xBFF1,0xBFF2,0xBFF3,0xBFF6,0xBFF7,0xBFF8,0xBFFB,0xBFFC,0xBFFD,
    0xC040,0xC04B,0xC04C,0xC04D,0xC05E,0xC06D,0xC0A1,0xC0A2,0xC0A3,0xC0A4,0xC0A5,0xC0A7,
    0xC0A8,0xC0A9,0xC0AA,0xC0AB,0xC0AC,0xC0AD,0xC0AE,0xC0AF,0xC0B0,0xC0B1,0xC0B2,0xC0B3,
    0xC0B4,0xC0B5,0xC0B6,0xC0B8,0xC0BA,0xC0BC,0xC0C0,0xC0C1,0xC0C2,0xC0C3,0xC0C4,0xC0C7,
    0xC0C8,0xC0C9,0xC0CA,0xC0CB,0xC0CD,0xC0CE,0xC0CF,0xC0D1,0xC0D2,0xC0D5,0xC0D6,0xC0D7,
    0xC0D9,0xC0DB,0xC0DD,0xC0E0,0xC0E1,0xC0E2,0xC0E4,0xC0E5,0xC0E6,0xC0E8,0xC0EA,0xC0EB,
    0xC0ED,0xC0EE,0xC0EF,0xC0F1,0xC0F2,0xC0F4,0xC0F5,0xC0F6,0xC0F7,0xC0F8,0xC0FA,0xC0FB,
    0xC0FD,0xC150,0xC154,0xC15F,0xC178,0xC195,0xC1A2,0xC1A3,0xC1A4,0xC1A5,0xC1A6,0xC1A7,
    0xC1A8,0xC1A9,0xC1AA,0xC1AB,0xC1AC,0xC1AE,0xC1AF,0xC1B1,0xC1B2,0xC1B3,0xC1B4,0xC1B5,
    0xC1B6,0xC1B7,0xC1B8,0xC1B9,0xC1BA,0xC1BC,0xC1BD,0xC1BE,0xC1BF,0xC1C1,0xC1C2,0xC1C4,
    0xC1C5,0xC1C6,0xC1C9,0xC1CB,0xC1CE,0xC1CF,0xC1D0,0xC1D1,0xC1D2,0xC1D3,0xC1D4,0xC1D5,
    0xC1D6,0xC1D7,0xC1D8,0xC1D9,0xC1DA,0xC1DB,0xC1DC,0xC1E1,0xC1E2,0xC1E3,0xC1E4,0xC1E5,
    0xC1E8,0xC1E9,0xC1EA,0xC1EB,0xC1EC,0xC1ED,0xC1EE,0xC1EF,0xC1F0,0xC1F1,0xC1F2,0xC1F4,
    0xC1F5,0xC1F6,0xC1F7,0xC1F8,0xC1F9,0xC1FA,0xC1FD,0xC27D,0xC284,0xC293,0xC294,0xC295,
    0xC29A,0xC2A0,0xC2A1,0xC2A5,0xC2A9,0xC2AB,0xC2AC,0xC2AE,0xC2AF,0xC2B3,0xC2B5,0xC2B6,
    0xC2B7,0xC2B9,0xC2BB,0xC2BC,0xC2BD,0xC2C0,0xC2C1,0xC2C2,0xC2C3,0xC2C4,0xC2C7,0xC2C8,
    0xC2C9,0xC2CA,0xC2CB,0xC2CC,0xC2D1,0xC2D2,0xC2D3,0xC2D4,0xC2D6,0xC2D7,0xC2D8,0xC2DB,
    0xC2DC,0xC2DD,0xC2DE,0xC2DF,0xC2E3,0xC2E4,0xC2E5,0xC2E7,0xC2E8,0xC2E9,0xC2EA,0xC2EB,
    0xC2EC,0xC2ED,0xC2EE,0xC2EF,0xC2F0,0xC2F1,0xC2F2,0xC2F3,0xC2F4,0xC2F5,0xC2F6,0xC2F9,
    0xC2FA,0xC2FB,0xC2FC,0xC2FD,0xC2FE,0xC343,0xC37B,0xC37D,0xC393,0xC3A2,0xC3A3,0xC3A4,
    0xC3A6,0xC3A8,0xC3A9,0xC3AB,0xC3AC,0xC3AE,0xC3AF,0xC3B0,0xC3B1,0xC3B2,0xC3B3,0xC3B4,
    0xC3B5,0xC3B6,0xC3B7,0xC3B8,0xC3B9,0xC3BA,0xC3BB,0xC3BC,0xC3BD,0xC3BF,0xC3C0,0xC3C3,
    0xC3C4,0xC3C5,0xC3C6,0xC3C7,0xC3C8,0xC3C9,0xC3CA,0xC3CB,0xC3CD,0xC3CE,0xC3CF,0xC3D4,
    0xC3D5,0xC3D6,0xC3D7,0xC3D8,0xC3D9,0xC3DA,0xC3DB,0xC3DC,0xC3DE,0xC3DF,0xC3E0,0xC3E1,
    0xC3E2,0xC3E3,0xC3E5,0xC3E6,0xC3E7,0xC3E8,0xC3E9,0xC3EB,0xC3ED,0xC3EE,0xC3F0,0xC3F1,
    0xC3F4,0xC3F6,0xC3F7,0xC3F9,0xC3FA,0xC3FB,0xC3FC,0xC3FE,0xC458,0xC45F,0xC477,0xC47A,
    0xC498,0xC4A2,0xC4A3,0xC4A4,0xC4A5,0xC4A6,0xC4A7,0xC4A8,0xC4A9,0xC4AA,0xC4AB,0xC4AC,
    0xC4AD,0xC4AE,0xC4AF,0xC4B0,0xC4B1,0xC4B2,0xC4B3,0xC4B5,0xC4B6,0xC4B7,0xC4B8,0xC4B9,
    0xC4BA,0xC4BB,0xC4BC,0xC4BD,0xC4BE,0xC4BF,0xC4C1,0xC4C2,0xC4C3,0xC4C4,0xC4C6,0xC4C7,
    0xC4C8,0xC4C9,0xC4CB,0xC4CC,0xC4CD,0xC4CE,0xC4CF,0xC4D0,0xC4D1,0xC4D2,0xC4D4,0xC4D5,
    0xC4D6,0xC4D8,0xC4DA,0xC4DB,0xC4DC,0xC4DD,0xC4E0,0xC4E1,0xC4E2,0xC4E3,0xC4E4,0xC4E5,
    0xC4E6,0xC4EA,0xC4EE,0xC4EF,0xC4F0,0xC4F1,0xC4F2,0xC4F9,0xC4FA,0xC4FB,0xC4FD,0xC4FE,
    0xC544,0xC54B,0xC552,0xC55F,0xC563,0xC564,0xC565,0xC566,0xC59E,0xC5A3,0xC5A4,0xC5A5,
    0xC5A6,0xC5A8,0xC5A9,0xC5AA,0xC5AB,0xC5AC,0xC5AD,0xC5AE,0xC5AF,0xC5B0,0xC5B2,0xC5B5,
    0xC5B6,0xC5B7,0xC5BC,0xC5C0,0xC5C1,0xC5C2,0xC5C4,0xC5C5,0xC5C6,0xC5C9,0xC5CA,0xC5CB,
    0xC5CC,0xC5CE,0xC5CF,0xC5D0,0xC5D1,0xC5D3,0xC5D4,0xC5D6,0xC5D7,0xC5DA,0xC5DB,0xC5DC,
    0xC5DD,0xC5E0,0xC5E1,0xC5E2,0xC5E3,0xC5E4,0xC5E5,0xC5E6,0xC5E7,0xC5E8,0xC5EB,0xC5EC,
    0xC5ED,0xC5EE,0xC5EF,0xC5F1,0xC5F2,0xC5F3,0xC5F4,0xC5F5,0xC5F6,0xC5FA,0xC5FB,0xC5FE,
    0xC69D,0xC6A1,0xC6A2,0xC6A3,0xC6A4,0xC6A5,0xC6A8,0xC6AA,0xC6AB,0xC6AC,0xC6AD,0xC6AE,
    0xC6AF,0xC6B1,0xC6B4,0xC6B5,0xC6B6,0xC6B7,0xC6B8,0xC6B9,0xC6BA,0xC6BB,0xC6BC,0xC6BD,
    0xC6BE,0xC6BF,0xC6C0,0xC6C1,0xC6C2,0xC6C3,0xC6C4,0xC6C5,0xC6C6,0xC6C8,0xC6CA,0xC6CB,
    0xC6CC,0xC6CD,0xC6CF,0xC6D0,0xC6D1,0xC6D2,0xC6D3,0xC6D5,0xC6D6,0xC6D7,0xC6D8,0xC6D9,
    0xC6DA,0xC6DB,0xC6DC,0xC6DD,0xC6DE,0xC6DF,0xC6E0,0xC6E1,0xC6E4,0xC6E5,0xC6E6,0xC6E7,
    0xC6E9,0xC6EB,0xC6EC,0xC6ED,0xC6EF,0xC6F0,0xC6F1,0xC6F2,0xC6F3,0xC6F4,0xC6F5,0xC6F7,
    0xC6F8,0xC6F9,0xC6FA,0xC6FB,0xC6FC,0xC766,0xC7A1,0xC7A3,0xC7A6,0xC7A7,0xC7A8,0xC7A9,
    0xC7AB,0xC7AC,0xC7AE,0xC7B0,0xC7B1,0xC7B2,0xC7B3,0xC7B6,0xC7B7,0xC7B8,0xC7B9,0xC7BB,
    0xC7BC,0xC7BD,0xC7BF,0xC7C0,0xC7C3,0xC7C4,0xC7C5,0xC7C6,0xC7C7,0xC7C8,0xC7C9,0xC7D0,
    0xC7D1,0xC7D2,0xC7D4,0xC7D5,0xC7D6,0xC7D7,0xC7D8,0xC7D9,0xC7DA,0xC7DB,0xC7DD,0xC7DF,
    0xC7E0,0xC7E1,0xC7E2,0xC7E3,0xC7E4,0xC7E5,0xC7E6,0xC7E7,0xC7E9,0xC7EA,0xC7EB,0xC7EC,
    0xC7ED,0xC7EE,0xC7EF,0xC7F0,0xC7F1,0xC7F2,0xC7F3,0xC7F4,0xC7F5,0xC7F7,0xC7F8,0xC7FA,
    0xC7FC,0xC7FD,0xC7FE,0xC841,0xC852,0xC866,0xC87E,0xC8A1,0xC8A2,0xC8A4,0xC8A5,0xC8A6,
    0xC8A8,0xC8A9,0xC8AA,0xC8AB,0xC8AD,0xC8AE,0xC8AF,0xC8B0,0xC8B1,0xC8B4,0xC8B7,0xC8B8,
    0xC8B9,0xC8BA,0xC8BB,0xC8BC,0xC8BE,0xC8C0,0xC8C3,0xC8C4,0xC8C5,0xC8C6,0xC8C7,0xC8C8,
    0xC8CA,0xC8CB,0xC8CC,0xC8CD,0xC8CE,0xC8CF,0xC8D0,0xC8D3,0xC8D4,0xC8D5,0xC8D6,0xC8D8,
    0xC8D9,0xC8DA,0xC8DB,0xC8DC,0xC8DD,0xC8DE,0xC8E1,0xC8E2,0xC8E5,0xC8E7,0xC8E8,0xC8E9,
    0xC8EA,0xC8EB,0xC8ED,0xC8EE,0xC8F0,0xC8F1,0xC8F3,0xC8F4,0xC8F5,0xC8F6,0xC8F7,0xC8F8,
    0xC8FB,0xC8FC,0xC8FD,0xC977,0xC98F,0xC9A1,0xC9A2,0xC9A3,0xC9A5,0xC9A7,0xC9A8,0xC9AA,
    0xC9AB,0xC9AC,0xC9AD,0xC9AE,0xC9AF,0xC9B0,0xC9B1,0xC9B2,0xC9B3,0xC9B4,0xC9B5,0xC9B6,
    0xC9B7,0xC9B8,0xC9B9,0xC9BA,0xC9BC,0xC9BD,0xC9BE,0xC9C0,0xC9C1,0xC9C2,0xC9C3,0xC9C5,
    0xC9C6,0xC9C7,0xC9C8,0xC9CB,0xC9CC,0xC9CD,0xC9CF,0xC9D0,0xC9D4,0xC9D5,0xC9D8,0xC9D9,
    0xC9DB,0xC9DC,0xC9DD,0xC9DF,0xC9E0,0xC9E1,0xC9E2,0xC9E3,0xC9E4,0xC9E6,0xC9E7,0xC9E8,
    0xC9EA,0xC9EC,0xC9ED,0xC9EE,0xC9F1,0xC9F2,0xC9F3,0xC9F5,0xC9F6,0xC9F7,0xC9F8,0xC9F9,
    0xC9FA,0xC9FC,0xC9FD,0xC9FE,0xCA59,0xCA92,0xCAA1,0xCAA2,0xCAA3,0xCAA4,0xCAA5,0xCAA6,
    0xCAA7,0xCAA8,0xCAA9,0xCAAA,0xCAAB,0xCAAC,0xCAAE,0xCAAF,0xCAB0,0xCAB1,0xCAB2,0xCAB3,
    0xCAB4,0xCAB5,0xCAB6,0xCAB7,0xCAB8,0xCAB9,0xCABB,0xCABC,0xCABD,0xCABE,0xCABF,0xCAC0,
    0xCAC1,0xCAC2,0xCAC4,0xCAC5,0xCAC6,0xCAC7,0xCAC9,0xCACA,0xCACB,0xCACC,0xCACD,0xCACE,
    0xCACF,0xCAD0,0xCAD2,0xCAD3,0xCAD4,0xCAD5,0xCAD6,0xCAD7,0xCAD8,0xCAD9,0xCADA,0xCADB,
    0xCADC,0xCADD,0xCADE,0xCADF,0xCAE0,0xCAE1,0xCAE2,0xCAE4,0xCAE5,0xCAE6,0xCAE7,0xCAE8,
    0xCAE9,0xCAEC,0xCAED,0xCAEE,0xCAF0,0xCAF1,0xCAF3,0xCAF4,0xCAF5,0xCAF6,0xCAF7,0xCAF8,
    0xCAFA,0xCAFB,0xCAFC,0xCAFD,0xCB5D,0xCB5F,0xCB7B,0xCB87,0xCB8E,0xCBA2,0xCBA3,0xCBA4,
    0xCBA5,0xCBA7,0xCBAA,0xCBAB,0xCBAC,0xCBAD,0xCBAE,0xCBAF,0xCBB0,0xCBB2,0xCBB3,0xCBB5,
    0xCBB6,0xCBB7,0xCBB8,0xCBB9,0xCBBA,0xCBBC,0xCBBD,0xCBBE,0xCBBF,0xCBC0,0xCBC1,0xCBC2,
    0xCBC3,0xCBC4,0xCBC6,0xCBC7,0xCBC9,0xCBCC,0xCBCD,0xCBCE,0xCBCF,0xCBD1,0xCBD2,0xCBD5,
    0xCBD7,0xCBD8,0xCBD9,0xCBDC,0xCBDD,0xCBDE,0xCBDF,0xCBE0,0xCBE1,0xCBE2,0xCBE3,0xCBE4,
    0xCBE5,0xCBE6,0xCBE7,0xCBE8,0xCBE9,0xCBEA,0xCBEB,0xCBEC,0xCBED,0xCBEF,0xCBF0,0xCBF3,
    0xCBF5,0xCBF7,0xCBF8,0xCBF9,0xCBFA,0xCBFB,0xCBFC,0xCBFD,0xCBFE,0xCC4B,0xCC4F,0xCC6D,
    0xCC7D,0xCC8E,0xCC93,0xCC96,0xCCA4,0xCCA5,0xCCA6,0xCCA7,0xCCA8,0xCCA9,0xCCAB,0xCCAC,
    0xCCAD,0xCCB0,0xCCB2,0xCCB3,0xCCB6,0xCCB7,0xCCB8,0xCCB9,0xCCBA,0xCCBC,0xCCBD,0xCCBE,
    0xCCBF,0xCCC0,0xCCC1,0xCCC3,0xCCC4,0xCCC6,0xCCC7,0xCCC9,0xCCCE,0xCCD1,0xCCD2,0xCCD3,
    0xCCD4,0xCCD5,0xCCD6,0xCCD7,0xCCD8,0xCCD9,0xCCDA,0xCCDB,0xCCDD,0xCCDF,0xCCE1,0xCCE2,
    0xCCE5,0xCCE6,0xCCEC,0xCCED,0xCCEE,0xCCEF,0xCCF0,0xCCF4,0xCCF5,0xCCF8,0xCCF9,0xCCFA,
    0xCCFB,0xCCFC,0xCCFD,0xCDA1,0xCDA2,0xCDA3,0xCDA4,0xCDA5,0xCDA6,0xCDA7,0xCDA8,0xCDA9,
    0xCDAA,0xCDAB,0xCDAC,0xCDAD,0xCDAF,0xCDB0,0xCDB2,0xCDB3,0xCDB4,0xCDB5,0xCDB6,0xCDB7,
    0xCDB8,0xCDB9,0xCDBB,0xCDBC,0xCDBD,0xCDBE,0xCDBF,0xCDC0,0xCDC1,0xCDC2,0xCDC3,0xCDC5,
    0xCDC6,0xCDC8,0xCDCB,0xCDCC,0xCDCD,0xCDCE,0xCDCF,0xCDD0,0xCDD1,0xCDD3,0xCDD7,0xCDD8,
    0xCDDA,0xCDDB,0xCDDC,0xCDDE,0xCDDF,0xCDE2,0xCDE4,0xCDE5,0xCDE6,0xCDE7,0xCDE8,0xCDE9,
    0xCDEA,0xCDEB,0xCDEC,0xCDED,0xCDF0,0xCDF1,0xCDF2,0xCDF3,0xCDF4,0xCDF5,0xCDF6,0xCDF8,
    0xCDF9,0xCDFA,0xCDFB,0xCDFC,0xCDFD,0xCDFE,0xCE9E,0xCEA2,0xCEA3,0xCEA4,0xCEA5,0xCEA7,
    0xCEA8,0xCEA9,0xCEAA,0xCEAC,0xCEAF,0xCEB0,0xCEB1,0xCEB2,0xCEB3,0xCEB4,0xCEB5,0xCEB6,
    0xCEB7,0xCEB8,0xCEB9,0xCEBA,0xCEBB,0xCEBD,0xCEBE,0xCEBF,0xCEC0,0xCEC2,0xCEC3,0xCEC4,
    0xCEC5,0xCEC6,0xCEC7,0xCEC8,0xCECA,0xCECC,0xCED0,0xCED1,0xCED2,0xCED4,0xCED5,0xCED6,
    0xCED7,0xCED8,0xCEDA,0xCEDB,0xCEDD,0xCEDE,0xCEE0,0xCEE1,0xCEE2,0xCEE4,0xCEE5,0xCEE7,
    0xCEE8,0xCEE9,0xCEEC,0xCEED,0xCEEF,0xCEF0,0xCEF1,0xCEF2,0xCEF3,0xCEF4,0xCEF5,0xCEF6,
    0xCEF7,0xCEFA,0xCEFB,0xCEFC,0xCEFD,0xCEFE,0xCF78,0xCFA1,0xCFA2,0xCFA3,0xCFA4,0xCFA5,
    0xCFA6,0xCFA7,0xCFA9,0xCFAA,0xCFAB,0xCFAE,0xCFAF,0xCFB0,0xCFB2,0xCFB4,0xCFB5,0xCFB6,
    0xCFB7,0xCFB8,0xCFBA,0xCFBB,0xCFBC,0xCFBD,0xCFBF,0xCFC0,0xCFC1,0xCFC2,0xCFC3,0xCFC4,
    0xCFC5,0xCFC8,0xCFC9,0xCFCA,0xCFCB,0xCFCC,0xCFCD,0xCFCE,0xCFD0,0xCFD2,0xCFD3,0xCFD4,
    0xCFD5,0xCFD6,0xCFD7,0xCFD8,0xCFD9,0xCFDB,0xCFDC,0xCFDD,0xCFDE,0xCFDF,0xCFE0,0xCFE1,
    0xCFE3,0xCFE4,0xCFE5,0xCFE6,0xCFE7,0xCFE8,0xCFE9,0xCFEA,0xCFEB,0xCFEC,0xCFED,0xCFEE,
    0xCFEF,0xCFF0,0xCFF1,0xCFF2,0xCFF3,0xCFF4,0xCFF5,0xCFF6,0xCFF7,0xCFFA,0xCFFB,0xCFFC,
    0xCFFD,0xCFFE,0xD067,0xD06C,0xD06E,0xD0A1,0xD0A2,0xD0A3,0xD0A4,0xD0A5,0xD0A6,0xD0A7,
    0xD0A9,0xD0AA,0xD0AC,0xD0AD,0xD0AF,0xD0B0,0xD0B1,0xD0B2,0xD0B3,0xD0B4,0xD0B5,0xD0B6,
    0xD0B7,0xD0B8,0xD0B9,0xD0BA,0xD0BB,0xD0BC,0xD0BD,0xD0BE,0xD0BF,0xD0C0,0xD0C1,0xD0C2,
    0xD0C4,0xD0C5,0xD0C7,0xD0C9,0xD0CB,0xD0CC,0xD0CD,0xD0CE,0xD0D0,0xD0D1,0xD0D2,0xD0D3,
    0xD0D4,0xD0D5,0xD0D6,0xD0D7,0xD0D8,0xD0D9,0xD0DB,0xD0DC,0xD0DD,0xD0DE,0xD0DF,0xD0E2,
    0xD0E3,0xD0E4,0xD0E5,0xD0E8,0xD0E9,0xD0EB,0xD0EC,0xD0ED,0xD0EE,0xD0F0,0xD0F1,0xD0F2,
    0xD0F3,0xD0F4,0xD0F7,0xD0F8,0xD0F9,0xD0FB,0xD0FC,0xD0FD,0xD0FE,0xD159,0xD161,0xD162,
    0xD165,0xD175,0xD17D,0xD1A1,0xD1A5,0xD1A6,0xD1A7,0xD1A8,0xD1A9,0xD1AA,0xD1AB,0xD1AD,
    0xD1AE,0xD1AF,0xD1B0,0xD1B2,0xD1B5,0xD1B6,0xD1B7,0xD1B8,0xD1B9,0xD1BA,0xD1BB,0xD1BC,
    0xD1BD,0xD1BF,0xD1C0,0xD1C2,0xD1C4,0xD1C5,0xD1C7,0xD1C8,0xD1CA,0xD1CC,0xD1CD,0xD1CE,
    0xD1CF,0xD1D0,0xD1D2,0xD1D3,0xD1D4,0xD1D5,0xD1D7,0xD1D8,0xD1DA,0xD1DB,0xD1DC,0xD1DD,
    0xD1DE,0xD1E0,0xD1E1,0xD1E3,0xD1E5,0xD1E6,0xD1E7,0xD1E9,0xD1EB,0xD1EE,0xD1EF,0xD1F2,
    0xD1F3,0xD1F4,0xD1F5,0xD1F6,0xD1F8,0xD1F9,0xD1FB,0xD1FC,0xD1FD,0xD1FE,0xD275,0xD28A,
    0xD28E,0xD295,0xD2A1,0xD2A2,0xD2A3,0xD2A5,0xD2A6,0xD2A7,0xD2A9,0xD2AA,0xD2AB,0xD2AC,
    0xD2AE,0xD2AF,0xD2B0,0xD2B1,0xD2B2,0xD2B3,0xD2B5,0xD2B6,0xD2B9,0xD2BA,0xD2BB,0xD2BC,
    0xD2BD,0xD2C0,0xD2C1,0xD2C2,0xD2C4,0xD2C5,0xD2C6,0xD2C7,0xD2C8,0xD2C9,0xD2CB,0xD2CC,
    0xD2CE,0xD2CF,0xD2D0,0xD2D1,0xD2D2,0xD2D3,0xD2D4,0xD2D5,0xD2D6,0xD2D7,0xD2D8,0xD2DA,
    0xD2DB,0xD2DD,0xD2DF,0xD2E0,0xD2E1,0xD2E2,0xD2E3,0xD2E4,0xD2E5,0xD2E6,0xD2E7,0xD2E9,
    0xD2EA,0xD2EB,0xD2EC,0xD2ED,0xD2EE,0xD2F0,0xD2F1,0xD2F2,0xD2F3,0xD2F4,0xD2F5,0xD2F6,
    0xD2F7,0xD2F8,0xD2F9,0xD2FA,0xD2FB,0xD2FC,0xD2FD,0xD2FE,0xD348,0xD358,0xD35B,0xD35E,
    0xD37C,0xD386,0xD38B,0xD38D,0xD391,0xD396,0xD39A,0xD39B,0xD3A1,0xD3A2,0xD3A3,0xD3A4,
    0xD3A5,0xD3A6,0xD3AA,0xD3AD,0xD3AE,0xD3AF,0xD3B0,0xD3B1,0xD3B2,0xD3B3,0xD3B4,0xD3B5,
    0xD3B6,0xD3B9,0xD3BA,0xD3BE,0xD3BF,0xD3C0,0xD3C2,0xD3C3,0xD3C4,0xD3C5,0xD3C6,0xD3C7,
    0xD3C8,0xD3C9,0xD3CA,0xD3CC,0xD3CD,0xD3CE,0xD3D0,0xD3D1,0xD3D2,0xD3D3,0xD3D5,0xD3D6,
    0xD3D7,0xD3DA,0xD3DC,0xD3DD,0xD3DE,0xD3DF,0xD3E0,0xD3E2,0xD3E3,0xD3E4,0xD3E6,0xD3E8,
    0xD3E9,0xD3EA,0xD3EB,0xD3EC,0xD3ED,0xD3EE,0xD3EF,0xD3F0,0xD3F1,0xD3F2,0xD3F4,0xD3F5,
    0xD3F6,0xD3F7,0xD3F9,0xD3FA,0xD3FB,0xD3FC,0xD3FD,0xD3FE,0xD44C,0xD44F,0xD453,0xD456,
    0xD45C,0xD45D,0xD474,0xD475,0xD47E,0xD481,0xD483,0xD487,0xD48A,0xD492,0xD493,0xD494,
    0xD4A1,0xD4A2,0xD4A3,0xD4A4,0xD4A5,0xD4A8,0xD4A9,0xD4AA,0xD4AB,0xD4AC,0xD4AD,0xD4AE,
    0xD4B0,0xD4B1,0xD4B2,0xD4B3,0xD4B4,0xD4B5,0xD4B6,0xD4B7,0xD4B8,0xD4B9,0xD4BA,0xD4BB,
    0xD4BC,0xD4BD,0xD4BE,0xD4BF,0xD4C0,0xD4C1,0xD4C2,0xD4C3,0xD4C4,0xD4C6,0xD4C8,0xD4CA,
    0xD4CB,0xD4CC,0xD4CE,0xD4CF,0xD4D0,0xD4D2,0xD4D3,0xD4D4,0xD4D5,0xD4D6,0xD4D7,0xD4D8,
    0xD4D9,0xD4DA,0xD4DB,0xD4DD,0xD4DE,0xD4E0,0xD4E1,0xD4E2,0xD4E3,0xD4E5,0xD4E6,0xD4E7,
    0xD4E8,0xD4EA,0xD4EB,0xD4EC,0xD4ED,0xD4EF,0xD4F0,0xD4F1,0xD4F2,0xD4F3,0xD4F4,0xD4F5,
    0xD4F6,0xD4F8,0xD4F9,0xD4FA,0xD4FC,0xD4FD,0xD549,0xD54A,0xD551,0xD554,0xD55A,0xD55C,
    0xD560,0xD566,0xD56C,0xD56E,0xD578,0xD57B,0xD584,0xD588,0xD593,0xD59E,0xD5A2,0xD5A8,
    0xD5A9,0xD5AA,0xD5AB,0xD5AC,0xD5AD,0xD5AE,0xD5AF,0xD5B2,0xD5B3,0xD5B4,0xD5B6,0xD5B9,
    0xD5BB,0xD5BC,0xD5BD,0xD5BE,0xD5BF,0xD5C0,0xD5C2,0xD5C3,0xD5C4,0xD5C5,0xD5C6,0xD5C7,
    0xD5C8,0xD5C9,0xD5CA,0xD5CB,0xD5CC,0xD5CD,0xD5CF,0xD5D0,0xD5D1,0xD5D2,0xD5D3,0xD5D4,
    0xD5D5,0xD5D6,0xD5D7,0xD5D8,0xD5D9,0xD5DA,0xD5DB,0xD5DC,0xD5DF,0xD5E2,0xD5E3,0xD5E4,
    0xD5E6,0xD5E7,0xD5EA,0xD5EB,0xD5EC,0xD5ED,0xD5EF,0xD5F0,0xD5F1,0xD5F2,0xD5F3,0xD5F4,
    0xD5F5,0xD5F7,0xD5F9,0xD5FB,0xD5FC,0xD5FD,0xD5FE,0xD654,0xD65A,0xD65C,0xD65E,0xD674,
    0xD676,0xD678,0xD67B,0xD6A2,0xD6A3,0xD6A4,0xD6A5,0xD6A6,0xD6A7,0xD6A9,0xD6AA,0xD6AB,
    0xD6AC,0xD6AD,0xD6AE,0xD6AF,0xD6B0,0xD6B1,0xD6B2,0xD6B3,0xD6B4,0xD6B5,0xD6B7,0xD6B8,
    0xD6B9,0xD6BA,0xD6BB,0xD6BC,0xD6BD,0xD6BE,0xD6C1,0xD6C2,0xD6C3,0xD6C6,0xD6C7,0xD6C8,
    0xD6C9,0xD6CA,0xD6CD,0xD6CE,0xD6D0,0xD6D2,0xD6D3,0xD6D4,0xD6D5,0xD6D6,0xD6D7,0xD6D8,
    0xD6D9,0xD6DA,0xD6DB,0xD6DC,0xD6DD,0xD6DE,0xD6E0,0xD6E1,0xD6E4,0xD6E5,0xD6E6,0xD6E8,
    0xD6E9,0xD6EA,0xD6EB,0xD6EC,0xD6ED,0xD6EE,0xD6F0,0xD6F1,0xD6F2,0xD6F3,0xD6F7,0xD6F8,
    0xD6F9,0xD6FA,0xD6FD,0xD6FE,0xD743,0xD752,0xD754,0xD756,0xD767,0xD768,0xD76F,0xD775,
    0xD778,0xD783,0xD78C,0xD793,0xD7A1,0xD7A2,0xD7A3,0xD7A4,0xD7A5,0xD7A6,0xD7A8,0xD7A9,
    0xD7AA,0xD7AB,0xD7AC,0xD7AF,0xD7B0,0xD7B1,0xD7B2,0xD7B3,0xD7B4,0xD7B5,0xD7B7,0xD7B9,
    0xD7BA,0xD7BC,0xD7BD,0xD7BF,0xD7C0,0xD7C5,0xD7C8,0xD7C9,0xD7CA,0xD7CB,0xD7CC,0xD7CE,
    0xD7CF,0xD7D0,0xD7D3,0xD7D4,0xD7D6,0xD7D8,0xD7D9,0xD7DA,0xD7DB,0xD7DC,0xD7DD,0xD7DF,
    0xD7E0,0xD7E2,0xD7E3,0xD7E4,0xD7E5,0xD7E6,0xD7E8,0xD7E9,0xD7EA,0xD7EC,0xD7ED,0xD7EE,
    0xD7EF,0xD7F0,0xD7F1,0xD7F2,0xD7F3,0xD7F4,0xD7F6,0xD7F7,0xD7F8,0xD7F9,0xD853,0xD869,
    0xD888,0xD890,0xD891,0xD893,0xD894,0xD895,0xD89A,0xD89B,0xD89C,0xD89E,0xD89F,0xD8A9,
    0xD8CA,0xD946,0xD949,0xD94D,0xD94E,0xD951,0xD952,0xD959,0xD95A,0xD95C,0xD965,0xD96E,
    0xD970,0xD974,0xD975,0xD978,0xD97C,0xD980,0xD987,0xD98F,0xD990,0xD99B,0xD99D,0xD9A4,
    0xD9E2,0xDA41,0xDA73,0xDA77,0xDAA4,0xDAAB,0xDAAF,0xDAE5,0xDAE6,0xDB45,0xDB94,0xDB99,
    0xDBA1,0xDBDA,0xDBE0,0xDC53,0xDC87,0xDC89,0xDC8A,0xDC8E,0xDC9B,0xDCA5,0xDCB0,0xDCBD,
    0xDCBF,0xDCD5,0xDCEF,0xDCF5,0xDD53,0xDD5E,0xDD64,0xDD6F,0xDD70,0xDD76,0xDD78,0xDD85,
    0xDD86,0xDD8B,0xDD94,0xDD97,0xDDA0,0xDDAE,0xDDBC,0xDE44,0xDE5A,0xDE6B,0xDE6F,0xDE71,
    0xDE72,0xDE92,0xDEAC,0xDEB1,0xDEB9,0xDEC8,0xDF40,0xDF42,0xDF4C,0xDF4D,0xDF5B,0xDF5C,
    0xDF5E,0xDF5F,0xDF60,0xDF62,0xDF64,0xDF66,0xDF68,0xDF6D,0xDF74,0xDF77,0xDF78,0xDF7A,
    0xDF7C,0xDF7E,0xDF80,0xDF85,0xDF89,0xDF97,0xDFC2,0xDFE4,0xE05D,0xE06C,0xE087,0xE08D,
    0xE08F,0xE0B8,0xE0BD,0xE0C5,0xE0CB,0xE174,0xE18C,0xE198,0xE1AA,0xE1AF,0xE1C8,0xE1E1,
    0xE1E3,0xE1E7,0xE1F7,0xE28F,0xE2B7,0xE2BF,0xE2D6,0xE2F9,0xE379,0xE37E,0xE391,0xE395,
    0xE3E5,0xE3EB,0xE44A,0xE44E,0xE468,0xE481,0xE493,0xE49B,0xE4AF,0xE4BF,0xE4D6,0xE558,
    0xE55C,0xE561,0xE565,0xE5BC,0xE5C8,0xE5E7,0xE5FA,0xE5FB,0xE649,0xE652,0xE65E,0xE669,
    0xE682,0xE69C,0xE6A2,0xE6AB,0xE6C3,0xE752,0xE78A,0xE7EA,0xE7F7,0xE7F9,0xE846,0xE861,
    0xE88D,0xE8A4,0xE8B0,0xE8BD,0xE8F3,0xE8F7,0xE94C,0xE954,0xE957,0xE95D,0xE95F,0xE966,
    0xE967,0xE977,0xE97D,0xE986,0xE9AA,0xE9AD,0xE9CF,0xE9D9,0xE9DC,0xEA50,0xEA84,0xEA87,
    0xEA8E,0xEA90,0xEA91,0xEA96,0xEAA0,0xEAD7,0xEB41,0xEB48,0xEB53,0xEB55,0xEB5B,0xEB60,
    0xEB62,0xEB6D,0xEB70,0xEB73,0xEB75,0xEB78,0xEB79,0xEB85,0xEB8A,0xEBC8,0xEBE0,0xEBF8,
    0xEC46,0xEC60,0xEC6F,0xECB3,0xECB6,0xECC5,0xECEB,0xECF4,0xECF8,0xECFB,0xED66,0xED6E,
    0xED8D,0xED91,0xED93,0xED94,0xED97,0xED98,0xED9A,0xED9E,0xEDB6,0xEE41,0xEE43,0xEE44,
    0xEE48,0xEE49,0xEE5E,0xEE6C,0xEE77,0xEE7D,0xEE7E,0xEE81,0xEE8A,0xEE90,0xEE99,0xEEAE,
    0xEF40,0xEF4C,0xEF55,0xEF77,0xEF88,0xEF8B,0xEF97,0xF042,0xF04E,0xF05E,0xF0A4,0xF152,
    0xF154,0xF167,0xF176,0xF17B,0xF182,0xF1AB,0xF245,0xF254,0xF25F,0xF276,0xF28C,0xF29E,
    0xF2E1,0xF2F0,0xF2F9,0xF340,0xF377,0xF38C,0xF3A0,0xF3DD,0xF459,0xF47E,0xF494,0xF4DF,
    0xF4E4,0xF4E6,0xF555,0xF572,0xF5A3,0xF5A5,0xF692,0xF6A9,0xF6D5,0xF6E8,0xF6F9,0xF7A2,
    0xF7C0,0xF7C8,0xF7EB,0xF7EC,0xF842,0xF850,0xF851,0xF899,0xFA51,0xFA97,0xFB7D,0xFB90,
    0xFB9C,0xFC49,0xFC4E,0xFC53,0xFC63,0xFC68,0xFD52,0xFD53,0xFD58,0xFD67,0xFD88,0xFD8B,
    0xFD94,
};
const uint32_t g_gbk_g2u_cp[] = {
    0x4E26,0x4E82,0x4E9E,0x4F48,0x4F54,0x4F75,0x4F86,0x4FB6,0x4FC2,0x4FE0,0x5009,0x500B,
    0x5011,0x5016,0x502B,0x5049,0x5074,0x5075,0x507D,0x5091,0x5099,0x50AD,0x50B3,0x50B5,
    0x50B7,0x50BE,0x50C5,0x50D1,0x50D5,0x50F9,0x5100,0x5104,0x5118,0x511F,0x512A,0x5132,
    0x5147,0x5152,0x5167,0x5169,0x518A,0x51F1,0x5225,0x5247,0x525B,0x5275,0x5283,0x5287,
    0x5289,0x528D,0x5291,0x52C1,0x52D5,0x52D9,0x52DD,0x52DE,0x52E2,0x52F3,0x52F5,0x52F8,
    0x532F,0x5340,0x5354,0x537B,0x53AD,0x53C3,0x5433,0x5442,0x544E,0x54B2,0x54E1,0x554F,
    0x555F,0x559A,0x55AA,0x55AC,0x55AE,0x55CE,0x5617,0x5674,0x5678,0x56B4,0x570B,0x570D,
    0x5712,0x5713,0x5716,0x5718,0x57F7,0x5805,0x582F,0x5831,0x5834,0x584A,0x5857,0x585A,
    0x5875,0x58C7,0x58D3,0x58D8,0x58DE,0x58EF,0x58FD,0x5920,0x5922,0x593E,0x5967,0x596A,
    0x596E,0x5A1B,0x5A66,0x5ABD,0x5B6B,0x5B78,0x5BAE,0x5BE6,0x5BE7,0x5BE9,0x5BEB,0x5BEC,
    0x5BF5,0x5BF6,0x5C07,0x5C08,0x5C0B,0x5C0D,0x5C0E,0x5C46,0x5C4D,0x5C64,0x5C6C,0x5CA1,
    0x5CF6,0x5CFD,0x5D17,0x5DBA,0x5DBC,0x5E25,0x5E2B,0x5E33,0x5E36,0x5E63,0x5E6B,0x5E79,
    0x5E7E,0x5EAB,0x5EC2,0x5EC8,0x5EDA,0x5EDF,0x5EE0,0x5EE2,0x5EE3,0x5EF3,0x5F35,0x5F37,
    0x5F48,0x5F4C,0x5F65,0x5F91,0x5F9E,0x5FA9,0x5FB9,0x6046,0x60E1,0x611B,0x614B,0x6158,
    0x6163,0x616E,0x6176,0x6182,0x6191,0x61A4,0x61B2,0x61B6,0x61C9,0x61F7,0x61F8,0x6200,
    0x6226,0x6230,0x6232,0x6236,0x6372,0x6383,0x639B,0x63A1,0x63DA,0x63DB,0x63EE,0x640D,
    0x6416,0x6436,0x64A5,0x64AB,0x64C1,0x64C7,0x64CA,0x64CB,0x64D4,0x64DA,0x64EC,0x64F4,
    0x64FA,0x64FE,0x651C,0x651D,0x6557,0x6558,0x6575,0x6578,0x65AC,0x65B7,0x6607,0x6642,
    0x6649,0x66AB,0x66C6,0x66C9,0x66F8,0x6703,0x6771,0x687F,0x689D,0x68C4,0x68DF,0x68F2,
    0x694A,0x696D,0x6975,0x69AE,0x69CB,0x69CD,0x6A02,0x6A11,0x6A13,0x6A19,0x6A23,0x6A39,
    0x6A4B,0x6A5F,0x6A6B,0x6A94,0x6AA2,0x6AFB,0x6B04,0x6B0A,0x6B3D,0x6B50,0x6B61,0x6B72,
    0x6B77,0x6B78,0x6B98,0x6BBA,0x6BBC,0x6BC0,0x6C23,0x6C7A,0x6C92,0x6C96,0x6CC1,0x6DBC,
    0x6DDA,0x6DE8,0x6DF5,0x6DFA,0x6E1B,0x6E26,0x6E2C,0x6E6F,0x6E96,0x6E9D,0x6EAB,0x6EC5,
    0x6EFE,0x6EFF,0x6F01,0x6F22,0x6F38,0x6F54,0x6F5B,0x6F64,0x6FA4,0x6FC3,0x6FD5,0x6FDF,
    0x6FF1,0x7028,0x7058,0x7063,0x707D,0x70BA,0x70CF,0x7121,0x7159,0x71B1,0x71C8,0x71D2,
    0x71DF,0x722D,0x7232,0x723A,0x723E,0x7246,0x7260,0x727D,0x72C0,0x3000,0x3001,0x3002,
    0x00B7,0x2014,0xFF5E,0x2026,0x2018,0x2019,0x201C,0x201D,0x3008,0x3009,0x300A,0x300B,
    0x300C,0x300D,0x300E,0x300F,0x3010,0x3011,0x00D7,0x00B0,0x2103,0x2606,0x203B,0x2192,
    0xFF01,0xFF03,0xFF05,0xFF08,0xFF09,0xFF0C,0xFF0D,0xFF0E,0xFF0F,0xFF10,0xFF11,0xFF12,
    0xFF13,0xFF1A,0xFF1B,0xFF1F,0x3042,0x3044,0x3046,0x3048,0x304A,0x304B,0x304C,0x304D,
    0x304F,0x3051,0x3053,0x3055,0x3057,0x3058,0x3059,0x305B,0x305F,0x3060,0x3061,0x3063,
    0x3064,0x3066,0x3067,0x3068,0x306A,0x306B,0x306E,0x306F,0x3072,0x307E,0x307F,0x3081,
    0x3082,0x3083,0x3084,0x3086,0x3088,0x3089,0x308A,0x308B,0x308C,0x308D,0x308F,0x3092,
    0x3093,0x30A2,0x30A3,0x30A4,0x30A6,0x30A7,0x30A8,0x30AA,0x30AB,0x30AC,0x30AD,0x30AF,
    0x30B0,0x30B1,0x30B3,0x30B5,0x30B7,0x30B8,0x30B9,0x30BA,0x30BB,0x30BF,0x30C0,0x30C1,
    0x30C3,0x30C6,0x30C7,0x30C8,0x30C9,0x30CA,0x30CB,0x30CE,0x30CF,0x30D0,0x30D1,0x30D3,
    0x30D5,0x30D6,0x30D7,0x30DE,0x30DF,0x30E0,0x30E1,0x30E2,0x30E3,0x30E5,0x30E7,0x30E9,
    0x30EA,0x30EB,0x30EC,0x30ED,0x30EF,0x30F3,0x03B1,0x03B2,0x03C0,0x0430,0x0435,0x0438,
    0x043A,0x043B,0x043D,0x043E,0x0440,0x0441,0x0442,0x2013,0x0101,0x00E1,0x00E9,0x00E8,
    0x00ED,0x00F3,0x00FC,0x30FC,0x2500,0x7336,0x7344,0x7345,0x734E,0x7368,0x7372,0x7375,
    0x7378,0x737B,0x73FE,0x746A,0x74B0,0x74CA,0x7522,0x7562,0x756B,0x7570,0x7576,0x758A,
    0x760B,0x7642,0x767C,0x76C3,0x554A,0x963F,0x57C3,0x54CE,0x54C0,0x764C,0x77EE,0x827E,
    0x788D,0x7231,0x978D,0x6C28,0x5B89,0x6309,0x6697,0x5CB8,0x80FA,0x6848,0x6602,0x76CE,
    0x51F9,0x71AC,0x50B2,0x5965,0x6FB3,0x82AD,0x5427,0x516B,0x5DF4,0x62D4,0x8DCB,0x628A,
    0x575D,0x9738,0x7F62,0x7238,0x767D,0x67CF,0x767E,0x6446,0x8D25,0x62DC,0x6591,0x73ED,
    0x642C,0x822C,0x9881,0x677F,0x7248,0x626E,0x62CC,0x4F34,0x74E3,0x534A,0x529E,0x90A6,
    0x5E2E,0x699C,0x8180,0x7ED1,0x68D2,0x78C5,0x508D,0x80DE,0x5305,0x5265,0x76DC,0x76E1,
    0x76E3,0x76E4,0x76E7,0x773E,0x8584,0x4FDD,0x5821,0x9971,0x5B9D,0x62B1,0x62A5,0x66B4,
    0x8C79,0x9C8D,0x7206,0x676F,0x7891,0x60B2,0x5351,0x5317,0x8F88,0x80CC,0x8D1D,0x500D,
    0x5907,0x88AB,0x5954,0x82EF,0x672C,0x7B28,0x5D29,0x6CF5,0x8E66,0x903C,0x9F3B,0x6BD4,
    0x7B14,0x5F7C,0x78A7,0x853D,0x6BD5,0x5E01,0x5E87,0x95ED,0x5F0A,0x5FC5,0x8F9F,0x58C1,
    0x81C2,0x907F,0x97AD,0x8FB9,0x7F16,0x8D2C,0x6241,0x4FBF,0x53D8,0x8FA8,0x8FA9,0x904D,
    0x6807,0x8868,0x522B,0x5F6C,0x658C,0x6FD2,0x6EE8,0x5BBE,0x5175,0x51B0,0x67C4,0x4E19,
    0x79C9,0x997C,0x70B3,0x75C5,0x5E76,0x73BB,0x83E0,0x64AD,0x62E8,0x6CE2,0x535A,0x52C3,
    0x640F,0x4F2F,0x6CCA,0x9A73,0x6355,0x535C,0x54FA,0x8865,0x57E0,0x4E0D,0x5E03,0x6B65,
    0x7C3F,0x90E8,0x6016,0x64E6,0x731C,0x88C1,0x6750,0x624D,0x8D22,0x8E29,0x91C7,0x5F69,
    0x83DC,0x8521,0x9910,0x53C2,0x6B8B,0x60E8,0x707F,0x82CD,0x4ED3,0x6CA7,0x85CF,0x64CD,
    0x7CD9,0x69FD,0x66F9,0x8349,0x7B56,0x4FA7,0x518C,0x6D4B,0x5C42,0x63D2,0x53C9,0x8336,
    0x67E5,0x5BDF,0x5DEE,0x62C6,0x67F4,0x7F20,0x4EA7,0x9610,0x660C,0x7832,0x573A,0x5C1D,
    0x5E38,0x957F,0x507F,0x80A0,0x5382,0x655E,0x7545,0x5531,0x5021,0x8D85,0x6284,0x671D,
    0x5632,0x6F6E,0x5DE2,0x5435,0x7092,0x8F66,0x64A4,0x5F7B,0x81E3,0x8FB0,0x5C18,0x6668,
    0x6C89,0x9648,0x8D81,0x886C,0x6491,0x79F0,0x57CE,0x6A59,0x6210,0x5448,0x4E58,0x7A0B,
    0x60E9,0x6F84,0x8BDA,0x627F,0x5403,0x75F4,0x6301,0x5319,0x6C60,0x8FDF,0x9A70,0x9F7F,
    0x5C3A,0x8D64,0x7FC5,0x65A5,0x5145,0x51B2,0x866B,0x5D07,0x5BA0,0x62BD,0x916C,0x6101,
    0x7B79,0x4EC7,0x4E11,0x81ED,0x521D,0x51FA,0x53A8,0x9664,0x695A,0x78A9,0x78BA,0x78BC,
    0x78EF,0x7840,0x50A8,0x89E6,0x5904,0x5DDD,0x7A7F,0x4F20,0x8239,0x5598,0x4E32,0x7A97,
    0x5E62,0x5E8A,0x95EF,0x521B,0x5439,0x5782,0x6625,0x9187,0x5507,0x6DF3,0x7EAF,0x8328,
    0x78C1,0x96CC,0x8F9E,0x6148,0x74F7,0x8BCD,0x6B64,0x523A,0x8D50,0x6B21,0x806A,0x8471,
    0x5306,0x4ECE,0x4E1B,0x51D1,0x7C97,0x918B,0x4FC3,0x6467,0x5D14,0x50AC,0x8106,0x7CB9,
    0x7FE0,0x6751,0x5B58,0x5BF8,0x63AA,0x632B,0x9519,0x642D,0x8FBE,0x7B54,0x6253,0x5927,
    0x5446,0x6234,0x5E26,0x4EE3,0x8D37,0x888B,0x5F85,0x902E,0x790E,0x7919,0x7926,0x7950,
    0x797F,0x62C5,0x4E39,0x5355,0x80C6,0x65E6,0x6C2E,0x4F46,0x6DE1,0x8BDE,0x5F39,0x86CB,
    0x5F53,0x6321,0x515A,0x8361,0x6863,0x5200,0x8E48,0x5012,0x5C9B,0x5BFC,0x5230,0x7A3B,
    0x60BC,0x9053,0x76D7,0x5FB7,0x5F97,0x7684,0x706F,0x767B,0x7B49,0x9093,0x5824,0x4F4E,
    0x6EF4,0x8FEA,0x654C,0x7B1B,0x72C4,0x5AE1,0x62B5,0x5E95,0x5730,0x8482,0x7B2C,0x5E1D,
    0x5F1F,0x9012,0x98A0,0x70B9,0x5178,0x57AB,0x7535,0x7538,0x5E97,0x5960,0x6DC0,0x6BBF,
    0x96D5,0x6389,0x540A,0x9493,0x8C03,0x8DCC,0x789F,0x8776,0x8FED,0x53E0,0x79A6,0x79AA,
    0x79AE,0x7A05,0x4E01,0x53EE,0x9876,0x9F0E,0x5B9A,0x8BA2,0x4E22,0x4E1C,0x51AC,0x8463,
    0x61C2,0x52A8,0x680B,0x51BB,0x6D1E,0x515C,0x6296,0x6597,0x8C46,0x9017,0x90FD,0x7763,
    0x6BD2,0x72EC,0x8BFB,0x5835,0x8D4C,0x675C,0x809A,0x5EA6,0x6E21,0x5992,0x7AEF,0x77ED,
    0x953B,0x6BB5,0x65AD,0x5806,0x961F,0x5BF9,0x5428,0x6566,0x987F,0x76FE,0x591A,0x593A,
    0x8EB2,0x6735,0x9E45,0x4FC4,0x989D,0x5A25,0x6076,0x5384,0x9102,0x997F,0x6069,0x800C,
    0x513F,0x8033,0x5C14,0x4E8C,0x7A2E,0x7A31,0x7A4D,0x7A69,0x53D1,0x7F5A,0x4F10,0x4E4F,
    0x6CD5,0x85E9,0x5E06,0x756A,0x7FFB,0x7E41,0x51E1,0x70E6,0x53CD,0x8FD4,0x8303,0x72AF,
    0x996D,0x6CDB,0x574A,0x82B3,0x65B9,0x80AA,0x623F,0x9632,0x59A8,0x4EFF,0x8BBF,0x7EBA,
    0x653E,0x83F2,0x975E,0x5561,0x98DE,0x80A5,0x532A,0x80BA,0x5E9F,0x6CB8,0x8D39,0x82AC,
    0x6C1B,0x5206,0x7EB7,0x711A,0x7C89,0x594B,0x4EFD,0x6124,0x4E30,0x5C01,0x67AB,0x8702,
    0x5CF0,0x950B,0x98CE,0x75AF,0x9022,0x51AF,0x7F1D,0x8BBD,0x5949,0x51E4,0x4F5B,0x5426,
    0x592B,0x6577,0x80A4,0x6276,0x62C2,0x8F90,0x5E45,0x6C1F,0x7B26,0x4F0F,0x4FD8,0x670D,
    0x7AF6,0x6D6E,0x798F,0x5F17,0x752B,0x629A,0x8F85,0x4FEF,0x91DC,0x5E9C,0x8150,0x8D74,
    0x526F,0x8986,0x8D4B,0x590D,0x5085,0x4ED8,0x961C,0x7236,0x8179,0x8D1F,0x5BCC,0x9644,
    0x5987,0x5676,0x560E,0x8BE5,0x6539,0x6982,0x9499,0x76D6,0x5E72,0x7518,0x6746,0x809D,
    0x8D76,0x611F,0x6562,0x5188,0x521A,0x94A2,0x7F38,0x7EB2,0x5C97,0x6E2F,0x9AD8,0x818F,
    0x7CD5,0x641E,0x7A3F,0x544A,0x54E5,0x6B4C,0x6208,0x5272,0x9769,0x845B,0x683C,0x9601,
    0x9694,0x4E2A,0x5404,0x7ED9,0x6839,0x8DDF,0x8015,0x66F4,0x5E9A,0x7B46,0x7BC0,0x7BC4,
    0x803F,0x6897,0x5DE5,0x653B,0x529F,0x606D,0x4F9B,0x516C,0x5BAB,0x5F13,0x62F1,0x8D21,
    0x5171,0x94A9,0x52FE,0x6C9F,0x72D7,0x6784,0x8D2D,0x591F,0x8F9C,0x83C7,0x4F30,0x5B64,
    0x59D1,0x9F13,0x53E4,0x9AA8,0x8C37,0x80A1,0x6545,0x987E,0x56FA,0x96C7,0x522E,0x74DC,
    0x5BE1,0x6302,0x4E56,0x602A,0x5173,0x5B98,0x51A0,0x89C2,0x7BA1,0x9986,0x7F50,0x60EF,
    0x704C,0x8D2F,0x5149,0x5E7F,0x7470,0x89C4,0x572D,0x7845,0x5F52,0x9F9F,0x8F68,0x9B3C,
    0x6842,0x67DC,0x8D35,0x6EDA,0x68CD,0x9505,0x90ED,0x56FD,0x679C,0x88F9,0x8FC7,0x54C8,
    0x7BC9,0x7C21,0x7C3D,0x5B69,0x6D77,0x4EA5,0x5BB3,0x97E9,0x542B,0x6DB5,0x5BD2,0x51FD,
    0x558A,0x7F55,0x7FF0,0x64BC,0x65F1,0x61BE,0x6C57,0x6C49,0x676D,0x822A,0x8C6A,0x6BEB,
    0x597D,0x8017,0x53F7,0x6D69,0x5475,0x559D,0x8377,0x6838,0x79BE,0x548C,0x4F55,0x5408,
    0x76D2,0x6CB3,0x8D6B,0x8910,0x9E64,0x8D3A,0x563F,0x9ED1,0x75D5,0x5F88,0x72E0,0x6068,
    0x4EA8,0x6A2A,0x8861,0x6052,0x8F70,0x70D8,0x8679,0x9E3F,0x6D2A,0x5B8F,0x5F18,0x7EA2,
    0x5589,0x4FAF,0x7334,0x539A,0x5019,0x540E,0x547C,0x4E4E,0x5FFD,0x745A,0x58F6,0x80E1,
    0x8774,0x72D0,0x7CCA,0x6E56,0x7C43,0x7C4C,0x7C64,0x7CB5,0x5F27,0x864E,0x62A4,0x4E92,
    0x6CAA,0x6237,0x82B1,0x534E,0x6ED1,0x753B,0x5212,0x5316,0x8BDD,0x6000,0x6DEE,0x574F,
    0x6B22,0x73AF,0x6853,0x8FD8,0x7F13,0x6362,0x60A3,0x5524,0x5E7B,0x8352,0x614C,0x9EC4,
    0x7C27,0x7687,0x51F0,0x714C,0x6643,0x5E4C,0x8C0E,0x7070,0x6325,0x8F89,0x5FBD,0x6062,
    0x56DE,0x6BC1,0x6094,0x6167,0x5349,0x60E0,0x8D3F,0x4F1A,0x6C47,0x7ED8,0x660F,0x5A5A,
    0x9B42,0x6D51,0x6DF7,0x6D3B,0x4F19,0x706B,0x83B7,0x6216,0x60D1,0x970D,0x8D27,0x7978,
    0x51FB,0x573E,0x57FA,0x673A,0x7A3D,0x79EF,0x7CE7,0x7D00,0x7D04,0x7D05,0x7D0B,0x7D0D,
    0x7D10,0x7D14,0x7D17,0x7D19,0x7D1A,0x7D1B,0x7D30,0x808C,0x9965,0x8FF9,0x6FC0,0x9E21,
    0x59EC,0x7EE9,0x5409,0x6781,0x68D8,0x8F91,0x7C4D,0x96C6,0x53CA,0x6025,0x75BE,0x5373,
    0x7EA7,0x6324,0x51E0,0x810A,0x5DF1,0x6280,0x5180,0x5B63,0x796D,0x5242,0x6D4E,0x5BC4,
    0x5BC2,0x8BA1,0x8BB0,0x65E2,0x5FCC,0x9645,0x7EE7,0x7EAA,0x5609,0x5939,0x4F73,0x5BB6,
    0x52A0,0x8D3E,0x7532,0x5047,0x4EF7,0x67B6,0x9A7E,0x5AC1,0x6B7C,0x76D1,0x575A,0x5C16,
    0x95F4,0x714E,0x517C,0x80A9,0x8270,0x5978,0x68C0,0x78B1,0x7B80,0x526A,0x51CF,0x8350,
    0x9274,0x8DF5,0x89C1,0x952E,0x7BAD,0x4EF6,0x7D39,0x7D42,0x7D44,0x7D50,0x7D55,0x7D61,
    0x7D66,0x7D71,0x7D72,0x7D81,0x7D93,0x5065,0x8230,0x5251,0x6E10,0x5EFA,0x50F5,0x59DC,
    0x5C06,0x6D46,0x6C5F,0x7586,0x848B,0x5956,0x8BB2,0x5320,0x9171,0x964D,0x8549,0x6912,
    0x7901,0x7126,0x80F6,0x4EA4,0x90CA,0x6D47,0x9A84,0x5A07,0x6405,0x811A,0x89D2,0x7F34,
    0x6559,0x9175,0x8F83,0x53EB,0x63ED,0x63A5,0x7686,0x8857,0x9636,0x622A,0x52AB,0x8282,
    0x6770,0x6377,0x7AED,0x6D01,0x7ED3,0x89E3,0x59D0,0x6212,0x85C9,0x754C,0x501F,0x4ECB,
    0x5C4A,0x5DFE,0x7B4B,0x65A4,0x91D1,0x4ECA,0x6D25,0x7D27,0x9526,0x4EC5,0x8C28,0x8FDB,
    0x664B,0x7981,0x8FD1,0x6D78,0x7D9C,0x7DA0,0x7DAB,0x7DAD,0x7DB1,0x7DB2,0x7DCA,0x7DD2,
    0x7DDA,0x7DE3,0x7DE8,0x7DE9,0x7DEC,0x7DEF,0x7DF4,0x5C3D,0x52B2,0x8346,0x830E,0x775B,
    0x6676,0x9CB8,0x4EAC,0x60CA,0x7CBE,0x7ECF,0x4E95,0x8B66,0x666F,0x9888,0x9759,0x5883,
    0x656C,0x955C,0x5F84,0x9756,0x7ADF,0x7ADE,0x51C0,0x7A76,0x7EA0,0x4E45,0x4E5D,0x9152,
    0x6551,0x65E7,0x8205,0x5C31,0x62D8,0x72D9,0x5C45,0x83CA,0x5C40,0x5480,0x77E9,0x4E3E,
    0x6CAE,0x805A,0x62D2,0x636E,0x5DE8,0x5177,0x8DDD,0x4FF1,0x53E5,0x60E7,0x5267,0x6350,
    0x5A1F,0x5026,0x7737,0x5377,0x6398,0x7235,0x89C9,0x51B3,0x7EDD,0x5747,0x83CC,0x519B,
    0x541B,0x5CFB,0x7E23,0x7E2E,0x7E31,0x7E3D,0x7E3E,0x7E54,0x4FCA,0x7AE3,0x90E1,0x5580,
    0x5496,0x5361,0x5F00,0x51EF,0x6168,0x520A,0x582A,0x52D8,0x574E,0x780D,0x770B,0x5EB7,
    0x6297,0x8003,0x70E4,0x9760,0x67EF,0x68F5,0x9897,0x79D1,0x58F3,0x54B3,0x53EF,0x6E34,
    0x514B,0x523B,0x5BA2,0x8BFE,0x80AF,0x5751,0x7A7A,0x6050,0x5B54,0x63A7,0x53E3,0x6263,
    0x5BC7,0x67AF,0x54ED,0x7A9F,0x82E6,0x9177,0x5E93,0x88E4,0x5938,0x8DE8,0x5757,0x5FEB,
    0x5BBD,0x6B3E,0x5321,0x72C2,0x6846,0x77FF,0x51B5,0x4E8F,0x76D4,0x8475,0x594E,0x9B41,
    0x7E5E,0x7E69,0x7E6A,0x7E6B,0x7E7C,0x7E8C,0x9988,0x6127,0x6E83,0x5764,0x6606,0x56F0,
    0x62EC,0x6269,0x5ED3,0x9614,0x5783,0x62C9,0x5587,0x8721,0x814A,0x8FA3,0x5566,0x83B1,
    0x6765,0x8D56,0x84DD,0x680F,0x7BEE,0x5170,0x89C8,0x61D2,0x7F06,0x70C2,0x6EE5,0x72FC,
    0x5ECA,0x90CE,0x6717,0x6D6A,0x52B3,0x7262,0x8001,0x59E5,0x916A,0x52D2,0x4E50,0x96F7,
    0x857E,0x7D2F,0x5792,0x7C7B,0x6CEA,0x68F1,0x51B7,0x5398,0x68A8,0x9ECE,0x72F8,0x79BB,
    0x7406,0x674E,0x91CC,0x793C,0x8389,0x540F,0x6817,0x4E3D,0x5389,0x52B1,0x5386,0x5229,
    0x4F8B,0x7F70,0x7F77,0x7F85,0x7FA9,0x7FD2,0x7ACB,0x7C92,0x6CA5,0x96B6,0x529B,0x7483,
    0x54E9,0x4FE9,0x8054,0x83B2,0x8FDE,0x5EC9,0x601C,0x5E18,0x655B,0x8138,0x94FE,0x604B,
    0x70BC,0x7EC3,0x7CAE,0x51C9,0x6881,0x826F,0x4E24,0x8F86,0x91CF,0x4EAE,0x8C05,0x804A,
    0x50DA,0x7597,0x8FBD,0x4E86,0x5ED6,0x6599,0x5217,0x88C2,0x70C8,0x52A3,0x730E,0x7433,
    0x6797,0x78F7,0x9716,0x4E34,0x90BB,0x9CDE,0x6DCB,0x73B2,0x83F1,0x96F6,0x9F84,0x94C3,
    0x51CC,0x7075,0x9675,0x5CAD,0x9886,0x53E6,0x4EE4,0x6E9C,0x7409,0x69B4,0x786B,0x7559,
    0x5218,0x7624,0x6D41,0x67F3,0x516D,0x9F99,0x7B3C,0x8056,0x805E,0x806F,0x8070,0x8072,
    0x8077,0x807D,0x9686,0x697C,0x6F0F,0x82A6,0x5362,0x5E90,0x7089,0x9C81,0x788C,0x9732,
    0x8DEF,0x9E7F,0x7984,0x5F55,0x9646,0x5415,0x94DD,0x4FA3,0x65C5,0x5C65,0x8651,0x6C2F,
    0x5F8B,0x7387,0x6EE4,0x7EFF,0x5375,0x4E71,0x63A0,0x7565,0x8F6E,0x4F26,0x4ED1,0x8BBA,
    0x841D,0x87BA,0x7F57,0x903B,0x88F8,0x843D,0x6D1B,0x7EDC,0x5988,0x9EBB,0x739B,0x7801,
    0x8682,0x9A6C,0x9A82,0x561B,0x5417,0x57CB,0x4E70,0x9EA6,0x5356,0x8FC8,0x8109,0x86EE,
    0x6EE1,0x8513,0x66FC,0x6162,0x6F2B,0x8085,0x8105,0x8108,0x812B,0x8292,0x832B,0x76F2,
    0x5FD9,0x732B,0x8305,0x6BDB,0x77DB,0x536F,0x8302,0x5192,0x5E3D,0x8C8C,0x8D38,0x4E48,
    0x73AB,0x679A,0x6885,0x9176,0x9709,0x7164,0x6CA1,0x7709,0x5A92,0x6BCF,0x7F8E,0x59B9,
    0x5A9A,0x95E8,0x95F7,0x4EEC,0x840C,0x8499,0x6AAC,0x76DF,0x731B,0x68A6,0x5B5F,0x8FF7,
    0x8C1C,0x5F25,0x7C73,0x79D8,0x89C5,0x6CCC,0x871C,0x5BC6,0x68C9,0x7720,0x7EF5,0x5195,
    0x514D,0x52C9,0x7F05,0x9762,0x82D7,0x63CF,0x7784,0x79D2,0x5E99,0x5999,0x706D,0x6C11,
    0x654F,0x95FD,0x660E,0x9E23,0x94ED,0x540D,0x547D,0x6478,0x8166,0x8173,0x819A,0x81A0,
    0x81C9,0x8611,0x6A21,0x819C,0x78E8,0x6469,0x9B54,0x62B9,0x672B,0x83AB,0x58A8,0x9ED8,
    0x6CAB,0x6F20,0x5BDE,0x964C,0x8C0B,0x725F,0x67D0,0x7261,0x4EA9,0x59C6,0x6BCD,0x5893,
    0x66AE,0x5E55,0x52DF,0x6155,0x6728,0x76EE,0x7267,0x7A46,0x62FF,0x54EA,0x94A0,0x90A3,
    0x5A1C,0x7EB3,0x4E43,0x5976,0x8010,0x5948,0x5357,0x7537,0x96BE,0x56CA,0x8111,0x607C,
    0x95F9,0x5462,0x5185,0x5AE9,0x80FD,0x59AE,0x6CE5,0x5C3C,0x62DF,0x4F60,0x533F,0x817B,
    0x9006,0x5E74,0x5FF5,0x5A18,0x917F,0x9E1F,0x5C3F,0x6D85,0x60A8,0x67E0,0x51DD,0x5B81,
    0x81D8,0x81DF,0x81E8,0x81FA,0x8207,0x8208,0x8209,0x820A,0x8266,0x725B,0x626D,0x94AE,
    0x7EBD,0x6D53,0x519C,0x5F04,0x5974,0x52AA,0x6012,0x5973,0x6696,0x8650,0x632A,0x8BFA,
    0x54E6,0x6B27,0x5076,0x722C,0x5E15,0x6015,0x62CD,0x6392,0x724C,0x6D3E,0x6500,0x6F58,
    0x76D8,0x76FC,0x7554,0x5224,0x53DB,0x5E9E,0x65C1,0x80D6,0x629B,0x70AE,0x888D,0x8DD1,
    0x6CE1,0x57F9,0x88F4,0x8D54,0x966A,0x914D,0x4F69,0x6C9B,0x55B7,0x76C6,0x70F9,0x6F8E,
    0x5F6D,0x84EC,0x68DA,0x7BF7,0x81A8,0x670B,0x9E4F,0x6367,0x78B0,0x6279,0x62AB,0x6BD7,
    0x8332,0x5564,0x813E,0x75B2,0x76AE,0x5339,0x5C41,0x7BC7,0x504F,0x7247,0x9A97,0x98D8,
    0x6F02,0x7968,0x62FC,0x9891,0x8D2B,0x54C1,0x8058,0x4E52,0x576A,0x82F9,0x840D,0x5E73,
    0x51ED,0x74F6,0x8BC4,0x5C4F,0x5761,0x6CFC,0x9887,0x5A46,0x7834,0x8FEB,0x5256,0x6251,
    0x94FA,0x4EC6,0x8461,0x83E9,0x84B2,0x57D4,0x6734,0x666E,0x6D66,0x8C31,0x66DD,0x7011,
    0x671F,0x6B3A,0x6816,0x621A,0x59BB,0x4E03,0x51C4,0x6F06,0x5176,0x68CB,0x5947,0x6B67,
    0x5D0E,0x9F50,0x65D7,0x7948,0x9A91,0x8D77,0x5C82,0x4E5E,0x4F01,0x542F,0x5951,0x5668,
    0x6C14,0x8FC4,0x5F03,0x6C7D,0x6CE3,0x838A,0x6070,0x7275,0x94C5,0x5343,0x8FC1,0x7B7E,
    0x8C26,0x4E7E,0x94B1,0x524D,0x6F5C,0x9063,0x6D45,0x5D4C,0x6B20,0x6B49,0x67AA,0x8154,
    0x7F8C,0x5899,0x5F3A,0x62A2,0x6572,0x6084,0x6865,0x77A7,0x4E54,0x4FA8,0x5DE7,0x5207,
    0x8304,0x4E14,0x7A83,0x94A6,0x4FB5,0x4EB2,0x79E6,0x7434,0x52E4,0x82B9,0x79BD,0x6C81,
    0x9752,0x8F7B,0x6C22,0x503E,0x537F,0x6E05,0x64CE,0x6674,0x60C5,0x9877,0x8BF7,0x5E86,
    0x743C,0x7A77,0x79CB,0x4E18,0x90B1,0x7403,0x6C42,0x56DA,0x914B,0x8D8B,0x533A,0x66F2,
    0x5C48,0x9A71,0x6E20,0x83EF,0x840A,0x842C,0x8449,0x53D6,0x5A36,0x8DA3,0x53BB,0x5708,
    0x6743,0x919B,0x6CC9,0x5168,0x62F3,0x72AC,0x5238,0x529D,0x7F3A,0x5374,0x786E,0x96C0,
    0x88D9,0x7FA4,0x7136,0x71C3,0x67D3,0x58E4,0x8BA9,0x9976,0x6270,0x7ED5,0x60F9,0x70ED,
    0x4EC1,0x4EBA,0x5FCD,0x97E7,0x4EFB,0x8BA4,0x5203,0x6254,0x4ECD,0x65E5,0x620E,0x84C9,
    0x8363,0x878D,0x7194,0x6EB6,0x5BB9,0x7ED2,0x67D4,0x8089,0x5112,0x5982,0x8FB1,0x4E73,
    0x6C5D,0x5165,0x8F6F,0x962E,0x745E,0x9510,0x6DA6,0x82E5,0x5F31,0x6492,0x6D12,0x8428,
    0x585E,0x8D5B,0x4E09,0x84CB,0x84EE,0x4F1E,0x6563,0x6851,0x4E27,0x9A9A,0x626B,0x745F,
    0x8272,0x6DA9,0x68EE,0x50E7,0x838E,0x7802,0x6740,0x5239,0x6C99,0x7EB1,0x50BB,0x5565,
    0x715E,0x7B5B,0x6652,0x73CA,0x6749,0x5C71,0x5220,0x886B,0x95EA,0x9655,0x64C5,0x81B3,
    0x5584,0x6C55,0x6247,0x4F24,0x5546,0x8D4F,0x4E0A,0x5C1A,0x7A0D,0x70E7,0x97F6,0x5C11,
    0x90B5,0x7ECD,0x5962,0x86C7,0x820C,0x820D,0x8D66,0x6444,0x5C04,0x6D89,0x793E,0x8BBE,
    0x7533,0x4F38,0x8EAB,0x6DF1,0x795E,0x6C88,0x5BA1,0x751A,0x80BE,0x614E,0x6E17,0x58F0,
    0x751F,0x7272,0x5347,0x7EF3,0x8523,0x856D,0x7701,0x76DB,0x5269,0x80DC,0x5723,0x5E08,
    0x5931,0x72EE,0x65BD,0x6E7F,0x8BD7,0x5C38,0x5341,0x77F3,0x62FE,0x65F6,0x4EC0,0x98DF,
    0x8680,0x5B9E,0x8BC6,0x53F2,0x77E2,0x4F7F,0x9A76,0x59CB,0x5F0F,0x793A,0x58EB,0x4E16,
    0x67FF,0x4E8B,0x8A93,0x901D,0x52BF,0x662F,0x566C,0x9002,0x4ED5,0x4F8D,0x91CA,0x9970,
    0x6C0F,0x5E02,0x5BA4,0x89C6,0x8BD5,0x6536,0x624B,0x9996,0x5B88,0x5BFF,0x6388,0x552E,
    0x53D7,0x7626,0x517D,0x852C,0x67A2,0x68B3,0x6B8A,0x8F93,0x53D4,0x8212,0x6DD1,0x758F,
    0x4E66,0x719F,0x85AF,0x6691,0x7F72,0x8700,0x9F20,0x5C5E,0x672F,0x8FF0,0x6811,0x675F,
    0x7AD6,0x5885,0x5EB6,0x6570,0x85A6,0x85A9,0x85CD,0x85DD,0x85E5,0x5237,0x800D,0x6454,
    0x8870,0x5E05,0x971C,0x53CC,0x723D,0x8C01,0x6C34,0x7761,0x7A0E,0x77AC,0x987A,0x8BF4,
    0x7855,0x6714,0x70C1,0x65AF,0x6495,0x601D,0x79C1,0x53F8,0x4E1D,0x6B7B,0x8086,0x5BFA,
    0x55E3,0x56DB,0x4F3C,0x9972,0x677E,0x9882,0x9001,0x5B8B,0x8BBC,0x641C,0x8258,0x82CF,
    0x4FD7,0x7D20,0x901F,0x5851,0x6EAF,0x5BBF,0x8BC9,0x8083,0x9178,0x849C,0x7B97,0x867D,
    0x968B,0x968F,0x7EE5,0x9AD3,0x788E,0x5C81,0x7A57,0x9042,0x96A7,0x5B59,0x635F,0x68AD,
    0x7F29,0x7D22,0x9501,0x6240,0x584C,0x4ED6,0x5B83,0x5979,0x5854,0x8607,0x860B,0x862D,
    0x863F,0x8655,0x865B,0x865F,0x8E0F,0x80CE,0x82D4,0x62AC,0x53F0,0x6CF0,0x592A,0x6001,
    0x6C70,0x8D2A,0x6EE9,0x575B,0x6F6D,0x8C2D,0x8C08,0x5766,0x6BEF,0x78B3,0x63A2,0x53F9,
    0x70AD,0x6C64,0x5858,0x5802,0x68E0,0x5510,0x7CD6,0x8EBA,0x6D9B,0x8404,0x6843,0x9003,
    0x6DD8,0x9676,0x8BA8,0x5957,0x7279,0x85E4,0x817E,0x75BC,0x68AF,0x8E22,0x63D0,0x9898,
    0x4F53,0x66FF,0x5929,0x6DFB,0x586B,0x7530,0x751C,0x6311,0x6761,0x8DF3,0x8D34,0x94C1,
    0x5E16,0x5385,0x542C,0x6C40,0x5EF7,0x505C,0x4EAD,0x5EAD,0x633A,0x8247,0x901A,0x6850,
    0x916E,0x77B3,0x540C,0x94DC,0x7AE5,0x6876,0x7B52,0x7EDF,0x75DB,0x5077,0x6295,0x5934,
    0x900F,0x51F8,0x7A81,0x56FE,0x5F92,0x9014,0x6D82,0x5C60,0x571F,0x5410,0x5154,0x56E2,
    0x63A8,0x817F,0x9000,0x541E,0x5C6F,0x81C0,0x62D6,0x6258,0x8131,0x9640,0x59A5,0x62D3,
    0x6316,0x54C7,0x86D9,0x5A03,0x74E6,0x5916,0x5F2F,0x6E7E,0x73A9,0x987D,0x4E38,0x70F7,
    0x5B8C,0x7897,0x633D,0x665A,0x5B9B,0x5A49,0x4E07,0x8155,0x6C6A,0x738B,0x4EA1,0x7F51,
    0x5F80,0x65FA,0x671B,0x5FD8,0x5984,0x5A01,0x87A2,0x5FAE,0x5371,0x97E6,0x8FDD,0x56F4,
    0x552F,0x60DF,0x4E3A,0x7EF4,0x59D4,0x4F1F,0x4F2A,0x5C3E,0x7EAC,0x672A,0x851A,0x5473,
    0x754F,0x80C3,0x5582,0x9B4F,0x4F4D,0x8C13,0x5C09,0x6170,0x536B,0x6E29,0x868A,0x6587,
    0x95FB,0x7EB9,0x543B,0x7A33,0x95EE,0x7FC1,0x6DA1,0x7A9D,0x6211,0x5367,0x63E1,0x6C83,
    0x5DEB,0x545C,0x4E4C,0x6C61,0x5C4B,0x65E0,0x68A7,0x543E,0x5434,0x6B66,0x4E94,0x5348,
    0x821E,0x4F0D,0x620A,0x96FE,0x7269,0x52FF,0x52A1,0x609F,0x8BEF,0x6614,0x7199,0x6790,
    0x897F,0x6670,0x563B,0x5438,0x9521,0x727A,0x87F2,0x7A00,0x606F,0x5E0C,0x6089,0x819D,
    0x5915,0x60DC,0x70EF,0x6EAA,0x6C50,0x88AD,0x5E2D,0x4E60,0x559C,0x6D17,0x7CFB,0x9699,
    0x620F,0x7EC6,0x867E,0x5323,0x971E,0x8F96,0x5CE1,0x4FA0,0x72ED,0x4E0B,0x53A6,0x590F,
    0x5413,0x5148,0x4ED9,0x9C9C,0x7EA4,0x54B8,0x8D24,0x8854,0x95F2,0x5F26,0x5ACC,0x663E,
    0x9669,0x73B0,0x732E,0x53BF,0x817A,0x7FA1,0x5BAA,0x9677,0x9650,0x7EBF,0x76F8,0x53A2,
    0x9999,0x7BB1,0x8944,0x6E58,0x4E61,0x7FD4,0x7965,0x8BE6,0x60F3,0x54CD,0x4EAB,0x9879,
    0x5DF7,0x6A61,0x50CF,0x5411,0x8C61,0x8427,0x785D,0x9704,0x524A,0x9500,0x6D88,0x5BB5,
    0x6DC6,0x6653,0x8853,0x885B,0x885D,0x5C0F,0x5B5D,0x6821,0x8096,0x5578,0x7B11,0x6548,
    0x4E9B,0x6B47,0x978B,0x534F,0x643A,0x90AA,0x659C,0x80C1,0x8C10,0x5199,0x68B0,0x5378,
    0x87F9,0x61C8,0x6CC4,0x6CFB,0x8C22,0x5C51,0x85AA,0x82AF,0x950C,0x6B23,0x8F9B,0x65B0,
    0x5FC3,0x4FE1,0x661F,0x7329,0x5174,0x5211,0x578B,0x5F62,0x884C,0x9192,0x5E78,0x674F,
    0x6027,0x59D3,0x5144,0x51F6,0x80F8,0x5308,0x96C4,0x718A,0x4F11,0x4FEE,0x7F9E,0x9508,
    0x79C0,0x8896,0x7EE3,0x9700,0x865A,0x987B,0x5F90,0x8BB8,0x84C4,0x53D9,0x65ED,0x5E8F,
    0x755C,0x6064,0x7EEA,0x7EED,0x8F69,0x5BA3,0x60AC,0x65CB,0x7384,0x88CF,0x88DC,0x88DD,
    0x88E1,0x88FD,0x8907,0x9009,0x9774,0x859B,0x5B66,0x7A74,0x96EA,0x8840,0x52CB,0x5FAA,
    0x65EC,0x8BE2,0x5BFB,0x5DE1,0x8BAD,0x8BAF,0x900A,0x8FC5,0x538B,0x62BC,0x9E26,0x9E2D,
    0x5440,0x82BD,0x7259,0x5D16,0x6DAF,0x96C5,0x4E9A,0x8BB6,0x54BD,0x70DF,0x6DF9,0x76D0,
    0x4E25,0x7814,0x5CA9,0x5EF6,0x8A00,0x989C,0x708E,0x6CBF,0x63A9,0x773C,0x884D,0x6F14,
    0x8273,0x71D5,0x538C,0x96C1,0x5F66,0x7130,0x5BB4,0x9A8C,0x592E,0x6768,0x626C,0x7F8A,
    0x6D0B,0x9633,0x6C27,0x4EF0,0x517B,0x6837,0x9080,0x8170,0x5996,0x7476,0x8972,0x898B,
    0x898F,0x8996,0x6447,0x5C27,0x9065,0x8C23,0x59DA,0x54AC,0x836F,0x8981,0x8000,0x6930,
    0x8036,0x7237,0x91CE,0x51B6,0x4E5F,0x9875,0x4E1A,0x53F6,0x591C,0x6DB2,0x4E00,0x58F9,
    0x533B,0x4F9D,0x4F0A,0x8863,0x5937,0x9057,0x79FB,0x4EEA,0x80F0,0x7591,0x5B9C,0x59E8,
    0x6905,0x8681,0x501A,0x5DF2,0x4E59,0x77E3,0x4EE5,0x827A,0x6291,0x6613,0x9091,0x4EBF,
    0x5F79,0x9038,0x75AB,0x4EA6,0x88D4,0x610F,0x6BC5,0x5FC6,0x4E49,0x76CA,0x6EA2,0x8BAE,
    0x8C0A,0x8BD1,0x5F02,0x7FFC,0x7FCC,0x8335,0x836B,0x56E0,0x6BB7,0x97F3,0x9634,0x59FB,
    0x541F,0x94F6,0x6DEB,0x5BC5,0x996E,0x5C39,0x5F15,0x9690,0x89AA,0x89BA,0x89BD,0x89C0,
    0x89F8,0x8A02,0x8A08,0x8A0A,0x8A0E,0x8A13,0x8A17,0x8A18,0x5370,0x82F1,0x6A31,0x5A74,
    0x9E70,0x5E94,0x8425,0x8FCE,0x8D62,0x76C8,0x5F71,0x9896,0x786C,0x6620,0x54DF,0x62E5,
    0x4F63,0x5EB8,0x96CD,0x6CF3,0x6D8C,0x6C38,0x52C7,0x7528,0x5E7D,0x4F18,0x60A0,0x5FE7,
    0x5C24,0x7531,0x90AE,0x72B9,0x6CB9,0x6E38,0x6709,0x53CB,0x53F3,0x4F51,0x8BF1,0x53C8,
    0x5E7C,0x4E8E,0x6986,0x865E,0x611A,0x8206,0x4F59,0x903E,0x9C7C,0x6109,0x6E14,0x4E88,
    0x5A31,0x96E8,0x4E0E,0x5C7F,0x79B9,0x5B87,0x8BED,0x7FBD,0x7389,0x57DF,0x90C1,0x5401,
    0x9047,0x55BB,0x5FA1,0x6108,0x6B32,0x72F1,0x80B2,0x8A89,0x8A2A,0x8A2D,0x8A31,0x8A34,
    0x8A3A,0x8A3B,0x8A54,0x8A55,0x8A5E,0x8A60,0x8A62,0x8A66,0x8A69,0x8A71,0x8A72,0x8A73,
    0x6D74,0x5BD3,0x88D5,0x9884,0x8C6B,0x6E0A,0x51A4,0x5143,0x57A3,0x8881,0x539F,0x63F4,
    0x56ED,0x5458,0x5706,0x733F,0x6E90,0x7F18,0x8FDC,0x82D1,0x613F,0x6028,0x9662,0x66F0,
    0x7EA6,0x8D8A,0x8DC3,0x94A5,0x5CB3,0x7CA4,0x6708,0x60A6,0x9605,0x4E91,0x5300,0x5141,
    0x8FD0,0x8574,0x6655,0x97F5,0x5B55,0x7838,0x6742,0x683D,0x54C9,0x707E,0x5BB0,0x8F7D,
    0x518D,0x5728,0x54B1,0x6682,0x8D5E,0x810F,0x846C,0x906D,0x7CDF,0x85FB,0x67A3,0x65E9,
    0x6FA1,0x8E81,0x566A,0x9020,0x7682,0x71E5,0x8D23,0x62E9,0x5219,0x6CFD,0x8D3C,0x600E,
    0x589E,0x66FE,0x8D60,0x624E,0x6E23,0x672D,0x8A8C,0x8A8D,0x8A95,0x8A98,0x8A9E,0x8AA0,
    0x8AA4,0x8AAA,0x8AB0,0x8AB2,0x8ABC,0x8ABF,0x8AC7,0x8ACB,0x8AD6,0x8AE1,0x95F8,0x70B8,
    0x8BC8,0x6458,0x658B,0x5B85,0x7A84,0x503A,0x5BE8,0x8A79,0x7C98,0x6CBE,0x65A9,0x5C55,
    0x6808,0x5360,0x6218,0x7AD9,0x6E5B,0x7EFD,0x7AE0,0x5F70,0x6F33,0x5F20,0x638C,0x6DA8,
    0x6756,0x4E08,0x5E10,0x8D26,0x4ED7,0x80C0,0x969C,0x62DB,0x662D,0x627E,0x6CBC,0x8D75,
    0x7167,0x7F69,0x5146,0x8087,0x53EC,0x906E,0x6298,0x54F2,0x8005,0x8FD9,0x6D59,0x73CD,
    0x771F,0x7504,0x8D1E,0x9488,0x4FA6,0x6795,0x8BCA,0x9707,0x632F,0x9547,0x9635,0x84B8,
    0x6323,0x5F81,0x4E89,0x6574,0x62EF,0x6B63,0x653F,0x8AF8,0x8AFE,0x8B00,0x8B02,0x8B19,
    0x8B1B,0x8B1D,0x8B20,0x75C7,0x90D1,0x8BC1,0x829D,0x679D,0x652F,0x8718,0x77E5,0x80A2,
    0x8102,0x6C41,0x4E4B,0x7EC7,0x804C,0x76F4,0x690D,0x6B96,0x6267,0x503C,0x5740,0x6307,
    0x6B62,0x8DBE,0x53EA,0x65E8,0x7EB8,0x5FD7,0x81F3,0x81F4,0x7F6E,0x5236,0x667A,0x79E9,
    0x7A1A,0x8D28,0x6EDE,0x6CBB,0x4E2D,0x5FE0,0x949F,0x8877,0x7EC8,0x79CD,0x80BF,0x91CD,
    0x4EF2,0x4F17,0x821F,0x5468,0x5DDE,0x6D32,0x7CA5,0x8F74,0x5492,0x76B1,0x5B99,0x9AA4,
    0x73E0,0x682A,0x86DB,0x6731,0x732A,0x8BF8,0x9010,0x7AF9,0x70DB,0x716E,0x4E3B,0x8457,
    0x67F1,0x52A9,0x94F8,0x7B51,0x8B49,0x8B58,0x8B5A,0x8B5C,0x8B6F,0x8B70,0x8B77,0x8B7D,
    0x8B80,0x8B8A,0x8B93,0x8B9A,0x4F4F,0x6CE8,0x795D,0x9A7B,0x6293,0x722A,0x4E13,0x7816,
    0x8F6C,0x64B0,0x8D5A,0x5E84,0x88C5,0x5986,0x649E,0x58EE,0x72B6,0x690E,0x8FFD,0x5760,
    0x7F00,0x51C6,0x6349,0x5353,0x684C,0x7740,0x5179,0x54A8,0x8D44,0x59FF,0x6ECB,0x5B5C,
    0x7D2B,0x4ED4,0x5B50,0x81EA,0x5B57,0x68D5,0x8E2A,0x5B97,0x7EFC,0x603B,0x7EB5,0x8D70,
    0x594F,0x79DF,0x8DB3,0x5352,0x65CF,0x7956,0x963B,0x7EC4,0x94BB,0x5634,0x9189,0x6700,
    0x7F6A,0x5C0A,0x9075,0x6628,0x5DE6,0x4F50,0x505A,0x4F5C,0x5750,0x5EA7,0x8C50,0x8C6C,
    0x8C93,0x8C9D,0x8C9E,0x8CA0,0x8CA1,0x8CA2,0x8CA7,0x8CA8,0x8CA9,0x8CAB,0x8CAC,0x4E1E,
    0x53A5,0x8CB4,0x8CB7,0x8CBB,0x8CBC,0x8CBF,0x8CC0,0x8CC7,0x8CC8,0x8CCA,0x8CD3,0x8CDC,
    0x8CDE,0x8CE2,0x8CE3,0x8CE6,0x8CEA,0x8CED,0x8CF4,0x8CFC,0x8CFD,0x8D08,0x8D0A,0x4F3D,
    0x516E,0x8D0F,0x8D95,0x8D99,0x51A5,0x8BB7,0x8BCF,0x9631,0x962A,0x8DE1,0x8E5F,0x8E64,
    0x90B8,0x5733,0x5742,0x8E8D,0x8ECA,0x8ECC,0x8ECD,0x8ED2,0x8EDF,0x5800,0x99A8,0x8299,
    0x82B8,0x82F7,0x8331,0x8343,0x8EF8,0x8F03,0x8F09,0x8F14,0x8F15,0x8F1B,0x8F1D,0x8F29,
    0x8F2A,0x8F2F,0x8F38,0x8F3B,0x8F44,0x8393,0x83C1,0x8F49,0x8F5F,0x8FA6,0x8FAD,0x8FAF,
    0x8FB2,0x8FF4,0x8543,0x8587,0x85B0,0x5955,0x9019,0x9023,0x9031,0x9032,0x904A,0x904B,
    0x904E,0x9054,0x9055,0x9059,0x905C,0x905E,0x9060,0x9069,0x9072,0x9077,0x9078,0x907A,
    0x907C,0x9081,0x9084,0x908A,0x908F,0x90A8,0x5457,0x54AA,0x90F5,0x9109,0x9127,0x912D,
    0x9130,0x5594,0x561F,0x55EF,0x55E8,0x91AB,0x91CB,0x91DD,0x5C90,0x5C91,0x5D1B,0x5F8C,
    0x5F99,0x5FB5,0x72E9,0x9234,0x5925,0x996A,0x5EB5,0x6021,0x9280,0x9285,0x9298,0x929C,
    0x6C90,0x6C76,0x92B3,0x92B7,0x92D2,0x92EA,0x92FC,0x9304,0x6D4F,0x6DC7,0x6E32,0x9322,
    0x9326,0x932B,0x932F,0x5BEE,0x8FE6,0x5F57,0x5983,0x598D,0x9375,0x937E,0x938A,0x9396,
    0x93AE,0x93C8,0x59CA,0x5A05,0x5A77,0x93E1,0x9418,0x73C0,0x742A,0x7426,0x9435,0x9451,
    0x947D,0x745C,0x748B,0x675E,0x68B5,0x6893,0x9577,0x9580,0x9583,0x9589,0x958B,0x9592,
    0x9593,0x95A3,0x95A9,0x95B1,0x6960,0x6984,0x6A44,0x6A58,0x6A90,0x95DC,0x965D,0x9663,
    0x9670,0x9673,0x9678,0x967D,0x968A,0x66DC,0x968E,0x969B,0x96A8,0x96AA,0x96B1,0x96B8,
    0x96BB,0x96D6,0x96D9,0x96DC,0x96DE,0x96E2,0x96E3,0x96F2,0x96FB,0x80B4,0x8C5A,0x6ED5,
    0x9727,0x9748,0x975C,0x6590,0x65BC,0x70AB,0x7940,0x7960,0x7985,0x79A7,0x97CB,0x97D3,
    0x97FB,0x97FF,0x9801,0x9802,0x9805,0x9806,0x9808,0x980C,0x77F6,0x9810,0x9812,0x9813,
    0x9817,0x9818,0x982D,0x983B,0x9846,0x984C,0x984D,0x984F,0x9858,0x985E,0x9867,0x753A,
    0x986F,0x98A8,0x98B1,0x98DB,0x98EF,0x98F2,0x98FE,0x990A,0x9918,0x9928,0x9ECF,0x99AC,
    0x99AE,0x99C1,0x99D0,0x99D5,0x99DB,0x763E,0x99FF,0x9A0E,0x9A19,0x9A30,0x9A45,0x9A57,
    0x8725,0x8760,0x8759,0x9A5A,0x9AD4,0x9AEE,0x9B06,0x7B5D,0x9B25,0x9B5A,0x9B6F,0x66A8,
    0x7FE1,0x7FE9,0x9B91,0x9BAE,0x9170,0x916F,0x9C2D,0x96EF,0x7A23,0x9CA8,0x9CC4,0x9CCD,
    0x9ABC,0x9B45,0x9E9F,0x9EDB,0x9CE5,0x9CF3,0x9CF4,0x9D3B,0x9DB4,0x9DF9,0x9E7D,0x9E97,
    0x9EA5,0x9EB5,0x9EBC,0x9EC3,0x9EDE,0x9EE8,0x9F4A,0x9F4B,0x9F52,0x9F61,0x9F8D,0x9F90,
    0x9F9C,
};
